
build/i386-release/kernel/blu_os.kernel32:     file format elf32-i386


Disassembly of section .text:

c0100000 <vgaEntryColor-0x30>:
c0100000:	02 b0 ad 1b 07 00    	add    0x71bad(%eax),%dh
c0100006:	00 00                	add    %al,(%eax)
c0100008:	f7 4f 52 e4 00 00 00 	testl  $0xe4,0x52(%edi)
	...
c0100023:	00 00                	add    %al,(%eax)
c0100025:	04 00                	add    $0x0,%al
c0100027:	00 00                	add    %al,(%eax)
c0100029:	03 00                	add    (%eax),%eax
c010002b:	00 20                	add    %ah,(%eax)
c010002d:	00 00                	add    %al,(%eax)
	...

c0100030 <vgaEntryColor>:
c0100030:	0f b6 44 24 08       	movzbl 0x8(%esp),%eax
c0100035:	c1 e0 04             	shl    $0x4,%eax
c0100038:	0a 44 24 04          	or     0x4(%esp),%al
c010003c:	c3                   	ret
c010003d:	8d 76 00             	lea    0x0(%esi),%esi

c0100040 <vgaEntry>:
c0100040:	0f b6 44 24 08       	movzbl 0x8(%esp),%eax
c0100045:	0f b6 54 24 04       	movzbl 0x4(%esp),%edx
c010004a:	c1 e0 08             	shl    $0x8,%eax
c010004d:	09 d0                	or     %edx,%eax
c010004f:	c3                   	ret

c0100050 <framebufferInit>:
c0100050:	83 ec 1c             	sub    $0x1c,%esp
c0100053:	8b 44 24 20          	mov    0x20(%esp),%eax
c0100057:	89 7c 24 14          	mov    %edi,0x14(%esp)
c010005b:	8b 7c 24 24          	mov    0x24(%esp),%edi
c010005f:	80 78 6d 01          	cmpb   $0x1,0x6d(%eax)
c0100063:	75 72                	jne    c01000d7 <framebufferInit+0x87>
c0100065:	8b 48 68             	mov    0x68(%eax),%ecx
c0100068:	8b 50 64             	mov    0x64(%eax),%edx
c010006b:	89 74 24 10          	mov    %esi,0x10(%esp)
c010006f:	8b 70 60             	mov    0x60(%eax),%esi
c0100072:	89 6c 24 18          	mov    %ebp,0x18(%esp)
c0100076:	89 57 08             	mov    %edx,0x8(%edi)
c0100079:	89 77 04             	mov    %esi,0x4(%edi)
c010007c:	0f af f1             	imul   %ecx,%esi
c010007f:	89 4f 0c             	mov    %ecx,0xc(%edi)
c0100082:	0f b6 50 6c          	movzbl 0x6c(%eax),%edx
c0100086:	81 c6 ff 0f 00 00    	add    $0xfff,%esi
c010008c:	88 57 10             	mov    %dl,0x10(%edi)
c010008f:	8b 68 58             	mov    0x58(%eax),%ebp
c0100092:	c1 ee 0c             	shr    $0xc,%esi
c0100095:	74 36                	je     c01000cd <framebufferInit+0x7d>
c0100097:	c1 e6 0c             	shl    $0xc,%esi
c010009a:	89 5c 24 0c          	mov    %ebx,0xc(%esp)
c010009e:	89 eb                	mov    %ebp,%ebx
c01000a0:	01 ee                	add    %ebp,%esi
c01000a2:	8d b6 00 00 00 00    	lea    0x0(%esi),%esi
c01000a8:	2e 8d b4 26 00 00 00 	lea    %cs:0x0(%esi,%eiz,1),%esi
c01000af:	00 
c01000b0:	83 ec 04             	sub    $0x4,%esp
c01000b3:	6a 02                	push   $0x2
c01000b5:	53                   	push   %ebx
c01000b6:	53                   	push   %ebx
c01000b7:	81 c3 00 10 00 00    	add    $0x1000,%ebx
c01000bd:	e8 1e 31 00 00       	call   c01031e0 <mapPage>
c01000c2:	83 c4 10             	add    $0x10,%esp
c01000c5:	39 f3                	cmp    %esi,%ebx
c01000c7:	75 e7                	jne    c01000b0 <framebufferInit+0x60>
c01000c9:	8b 5c 24 0c          	mov    0xc(%esp),%ebx
c01000cd:	89 2f                	mov    %ebp,(%edi)
c01000cf:	8b 74 24 10          	mov    0x10(%esp),%esi
c01000d3:	8b 6c 24 18          	mov    0x18(%esp),%ebp
c01000d7:	8b 7c 24 14          	mov    0x14(%esp),%edi
c01000db:	83 c4 1c             	add    $0x1c,%esp
c01000de:	c3                   	ret
c01000df:	90                   	nop

c01000e0 <framebufferPutPixel>:
c01000e0:	8b 54 24 04          	mov    0x4(%esp),%edx
c01000e4:	8b 4c 24 08          	mov    0x8(%esp),%ecx
c01000e8:	3b 4a 08             	cmp    0x8(%edx),%ecx
c01000eb:	73 27                	jae    c0100114 <framebufferPutPixel+0x34>
c01000ed:	8b 42 0c             	mov    0xc(%edx),%eax
c01000f0:	39 44 24 0c          	cmp    %eax,0xc(%esp)
c01000f4:	73 1e                	jae    c0100114 <framebufferPutPixel+0x34>
c01000f6:	0f b6 42 10          	movzbl 0x10(%edx),%eax
c01000fa:	c0 e8 03             	shr    $0x3,%al
c01000fd:	0f b6 c0             	movzbl %al,%eax
c0100100:	0f af c1             	imul   %ecx,%eax
c0100103:	8b 4c 24 0c          	mov    0xc(%esp),%ecx
c0100107:	03 02                	add    (%edx),%eax
c0100109:	0f af 4a 04          	imul   0x4(%edx),%ecx
c010010d:	8b 54 24 10          	mov    0x10(%esp),%edx
c0100111:	89 14 08             	mov    %edx,(%eax,%ecx,1)
c0100114:	c3                   	ret
c0100115:	8d 76 00             	lea    0x0(%esi),%esi
c0100118:	2e 8d b4 26 00 00 00 	lea    %cs:0x0(%esi,%eiz,1),%esi
c010011f:	00 

c0100120 <framebufferClear>:
c0100120:	83 ec 0c             	sub    $0xc,%esp
c0100123:	8b 54 24 10          	mov    0x10(%esp),%edx
c0100127:	89 74 24 04          	mov    %esi,0x4(%esp)
c010012b:	8b 74 24 14          	mov    0x14(%esp),%esi
c010012f:	8b 42 0c             	mov    0xc(%edx),%eax
c0100132:	85 c0                	test   %eax,%eax
c0100134:	74 57                	je     c010018d <framebufferClear+0x6d>
c0100136:	89 7c 24 08          	mov    %edi,0x8(%esp)
c010013a:	8b 7a 08             	mov    0x8(%edx),%edi
c010013d:	89 1c 24             	mov    %ebx,(%esp)
c0100140:	31 db                	xor    %ebx,%ebx
c0100142:	8d b6 00 00 00 00    	lea    0x0(%esi),%esi
c0100148:	2e 8d b4 26 00 00 00 	lea    %cs:0x0(%esi,%eiz,1),%esi
c010014f:	00 
c0100150:	31 c9                	xor    %ecx,%ecx
c0100152:	85 ff                	test   %edi,%edi
c0100154:	74 29                	je     c010017f <framebufferClear+0x5f>
c0100156:	39 c3                	cmp    %eax,%ebx
c0100158:	73 25                	jae    c010017f <framebufferClear+0x5f>
c010015a:	0f b6 42 10          	movzbl 0x10(%edx),%eax
c010015e:	8b 7a 04             	mov    0x4(%edx),%edi
c0100161:	c0 e8 03             	shr    $0x3,%al
c0100164:	0f af fb             	imul   %ebx,%edi
c0100167:	0f b6 c0             	movzbl %al,%eax
c010016a:	0f af c1             	imul   %ecx,%eax
c010016d:	03 02                	add    (%edx),%eax
c010016f:	83 c1 01             	add    $0x1,%ecx
c0100172:	89 34 38             	mov    %esi,(%eax,%edi,1)
c0100175:	8b 7a 08             	mov    0x8(%edx),%edi
c0100178:	8b 42 0c             	mov    0xc(%edx),%eax
c010017b:	39 f9                	cmp    %edi,%ecx
c010017d:	72 d7                	jb     c0100156 <framebufferClear+0x36>
c010017f:	83 c3 01             	add    $0x1,%ebx
c0100182:	39 c3                	cmp    %eax,%ebx
c0100184:	72 ca                	jb     c0100150 <framebufferClear+0x30>
c0100186:	8b 1c 24             	mov    (%esp),%ebx
c0100189:	8b 7c 24 08          	mov    0x8(%esp),%edi
c010018d:	8b 74 24 04          	mov    0x4(%esp),%esi
c0100191:	83 c4 0c             	add    $0xc,%esp
c0100194:	c3                   	ret
c0100195:	8d 76 00             	lea    0x0(%esi),%esi
c0100198:	2e 8d b4 26 00 00 00 	lea    %cs:0x0(%esi,%eiz,1),%esi
c010019f:	00 

c01001a0 <framebufferScroll>:
c01001a0:	57                   	push   %edi
c01001a1:	56                   	push   %esi
c01001a2:	53                   	push   %ebx
c01001a3:	8b 74 24 10          	mov    0x10(%esp),%esi
c01001a7:	8b 7c 24 14          	mov    0x14(%esp),%edi
c01001ab:	8b 5e 04             	mov    0x4(%esi),%ebx
c01001ae:	8b 06                	mov    (%esi),%eax
c01001b0:	83 ec 04             	sub    $0x4,%esp
c01001b3:	0f af fb             	imul   %ebx,%edi
c01001b6:	0f af 5e 0c          	imul   0xc(%esi),%ebx
c01001ba:	8d 14 38             	lea    (%eax,%edi,1),%edx
c01001bd:	29 fb                	sub    %edi,%ebx
c01001bf:	53                   	push   %ebx
c01001c0:	52                   	push   %edx
c01001c1:	50                   	push   %eax
c01001c2:	e8 e9 16 00 00       	call   c01018b0 <memmove>
c01001c7:	83 c4 0c             	add    $0xc,%esp
c01001ca:	57                   	push   %edi
c01001cb:	6a 00                	push   $0x0
c01001cd:	03 1e                	add    (%esi),%ebx
c01001cf:	53                   	push   %ebx
c01001d0:	e8 9b 15 00 00       	call   c0101770 <memset>
c01001d5:	83 c4 10             	add    $0x10,%esp
c01001d8:	5b                   	pop    %ebx
c01001d9:	5e                   	pop    %esi
c01001da:	5f                   	pop    %edi
c01001db:	c3                   	ret
c01001dc:	66 90                	xchg   %ax,%ax
c01001de:	66 90                	xchg   %ax,%ax

c01001e0 <thread1>:
c01001e0:	83 ec 18             	sub    $0x18,%esp
c01001e3:	68 00 40 10 c0       	push   $0xc0104000
c01001e8:	e8 b3 06 00 00       	call   c01008a0 <kprintf>
c01001ed:	e8 6e 20 00 00       	call   c0102260 <schedulerYield>
c01001f2:	c7 04 24 0b 40 10 c0 	movl   $0xc010400b,(%esp)
c01001f9:	e8 a2 06 00 00       	call   c01008a0 <kprintf>
c01001fe:	31 c0                	xor    %eax,%eax
c0100200:	83 c4 1c             	add    $0x1c,%esp
c0100203:	c3                   	ret
c0100204:	8d 74 26 00          	lea    0x0(%esi,%eiz,1),%esi
c0100208:	2e 8d b4 26 00 00 00 	lea    %cs:0x0(%esi,%eiz,1),%esi
c010020f:	00 

c0100210 <thread2>:
c0100210:	83 ec 18             	sub    $0x18,%esp
c0100213:	68 16 40 10 c0       	push   $0xc0104016
c0100218:	e8 83 06 00 00       	call   c01008a0 <kprintf>
c010021d:	e8 3e 20 00 00       	call   c0102260 <schedulerYield>
c0100222:	c7 04 24 21 40 10 c0 	movl   $0xc0104021,(%esp)
c0100229:	e8 72 06 00 00       	call   c01008a0 <kprintf>
c010022e:	31 c0                	xor    %eax,%eax
c0100230:	83 c4 1c             	add    $0x1c,%esp
c0100233:	c3                   	ret
c0100234:	8d 74 26 00          	lea    0x0(%esi,%eiz,1),%esi
c0100238:	2e 8d b4 26 00 00 00 	lea    %cs:0x0(%esi,%eiz,1),%esi
c010023f:	00 

c0100240 <kernelMain>:
c0100240:	83 ec 0c             	sub    $0xc,%esp
c0100243:	89 1c 24             	mov    %ebx,(%esp)
c0100246:	8b 5c 24 14          	mov    0x14(%esp),%ebx
c010024a:	81 7c 24 10 02 b0 ad 	cmpl   $0x2badb002,0x10(%esp)
c0100251:	2b 
c0100252:	74 0f                	je     c0100263 <kernelMain+0x23>
c0100254:	8d 74 26 00          	lea    0x0(%esi,%eiz,1),%esi
c0100258:	2e 8d b4 26 00 00 00 	lea    %cs:0x0(%esi,%eiz,1),%esi
c010025f:	00 
c0100260:	f4                   	hlt
c0100261:	eb fd                	jmp    c0100260 <kernelMain+0x20>
c0100263:	89 74 24 04          	mov    %esi,0x4(%esp)
c0100267:	89 7c 24 08          	mov    %edi,0x8(%esp)
c010026b:	e8 80 30 00 00       	call   c01032f0 <kalInitGdt>
c0100270:	e8 8b 30 00 00       	call   c0103300 <kalInitIdt>
c0100275:	f6 03 40             	testb  $0x40,(%ebx)
c0100278:	0f 85 f4 00 00 00    	jne    c0100372 <kernelMain+0x132>
c010027e:	8b 43 08             	mov    0x8(%ebx),%eax
c0100281:	8d b0 00 04 00 00    	lea    0x400(%eax),%esi
c0100287:	c1 e6 0a             	shl    $0xa,%esi
c010028a:	83 ec 0c             	sub    $0xc,%esp
c010028d:	c1 ee 14             	shr    $0x14,%esi
c0100290:	56                   	push   %esi
c0100291:	e8 7a 30 00 00       	call   c0103310 <kalInitPhysicalMemoryManager>
c0100296:	83 c4 10             	add    $0x10,%esp
c0100299:	f6 03 40             	testb  $0x40,(%ebx)
c010029c:	74 36                	je     c01002d4 <kernelMain+0x94>
c010029e:	8b 73 30             	mov    0x30(%ebx),%esi
c01002a1:	8b 7b 2c             	mov    0x2c(%ebx),%edi
c01002a4:	01 f7                	add    %esi,%edi
c01002a6:	39 fe                	cmp    %edi,%esi
c01002a8:	73 2a                	jae    c01002d4 <kernelMain+0x94>
c01002aa:	8d b6 00 00 00 00    	lea    0x0(%esi),%esi
c01002b0:	83 7e 14 01          	cmpl   $0x1,0x14(%esi)
c01002b4:	0f 84 02 01 00 00    	je     c01003bc <kernelMain+0x17c>
c01002ba:	50                   	push   %eax
c01002bb:	50                   	push   %eax
c01002bc:	ff 76 0c             	push   0xc(%esi)
c01002bf:	ff 76 04             	push   0x4(%esi)
c01002c2:	e8 59 30 00 00       	call   c0103320 <kalMarkRangeUsed>
c01002c7:	8b 06                	mov    (%esi),%eax
c01002c9:	83 c4 10             	add    $0x10,%esp
c01002cc:	8d 74 06 04          	lea    0x4(%esi,%eax,1),%esi
c01002d0:	39 fe                	cmp    %edi,%esi
c01002d2:	72 dc                	jb     c01002b0 <kernelMain+0x70>
c01002d4:	e8 57 30 00 00       	call   c0103330 <kalInitVirtualMemoryManager>
c01002d9:	83 ec 0c             	sub    $0xc,%esp
c01002dc:	53                   	push   %ebx
c01002dd:	e8 1e 01 00 00       	call   c0100400 <terminalInit>
c01002e2:	83 c4 10             	add    $0x10,%esp
c01002e5:	f6 43 01 10          	testb  $0x10,0x1(%ebx)
c01002e9:	0f 85 e0 00 00 00    	jne    c01003cf <kernelMain+0x18f>
c01002ef:	e8 7c 17 00 00       	call   c0101a70 <heapInit>
c01002f4:	83 ec 0c             	sub    $0xc,%esp
c01002f7:	68 94 40 10 c0       	push   $0xc0104094
c01002fc:	e8 9f 05 00 00       	call   c01008a0 <kprintf>
c0100301:	e8 0a 1f 00 00       	call   c0102210 <schedulerInit>
c0100306:	c7 04 24 b4 40 10 c0 	movl   $0xc01040b4,(%esp)
c010030d:	e8 8e 05 00 00       	call   c01008a0 <kprintf>
c0100312:	58                   	pop    %eax
c0100313:	5a                   	pop    %edx
c0100314:	68 00 10 00 00       	push   $0x1000
c0100319:	68 e0 01 10 c0       	push   $0xc01001e0
c010031e:	e8 6d 1e 00 00       	call   c0102190 <createThread>
c0100323:	59                   	pop    %ecx
c0100324:	5b                   	pop    %ebx
c0100325:	68 00 10 00 00       	push   $0x1000
c010032a:	68 10 02 10 c0       	push   $0xc0100210
c010032f:	89 c6                	mov    %eax,%esi
c0100331:	e8 5a 1e 00 00       	call   c0102190 <createThread>
c0100336:	89 34 24             	mov    %esi,(%esp)
c0100339:	89 c3                	mov    %eax,%ebx
c010033b:	e8 00 1f 00 00       	call   c0102240 <schedulerAddThread>
c0100340:	89 1c 24             	mov    %ebx,(%esp)
c0100343:	e8 f8 1e 00 00       	call   c0102240 <schedulerAddThread>
c0100348:	e8 13 1f 00 00       	call   c0102260 <schedulerYield>
c010034d:	c7 04 24 2c 40 10 c0 	movl   $0xc010402c,(%esp)
c0100354:	e8 47 05 00 00       	call   c01008a0 <kprintf>
c0100359:	c7 04 24 41 40 10 c0 	movl   $0xc0104041,(%esp)
c0100360:	e8 3b 05 00 00       	call   c01008a0 <kprintf>
c0100365:	83 c4 10             	add    $0x10,%esp
c0100368:	2e 8d b4 26 00 00 00 	lea    %cs:0x0(%esi,%eiz,1),%esi
c010036f:	00 
c0100370:	eb fe                	jmp    c0100370 <kernelMain+0x130>
c0100372:	8b 43 30             	mov    0x30(%ebx),%eax
c0100375:	8b 7b 2c             	mov    0x2c(%ebx),%edi
c0100378:	31 f6                	xor    %esi,%esi
c010037a:	01 c7                	add    %eax,%edi
c010037c:	39 f8                	cmp    %edi,%eax
c010037e:	72 1e                	jb     c010039e <kernelMain+0x15e>
c0100380:	e9 05 ff ff ff       	jmp    c010028a <kernelMain+0x4a>
c0100385:	8d 76 00             	lea    0x0(%esi),%esi
c0100388:	2e 8d b4 26 00 00 00 	lea    %cs:0x0(%esi,%eiz,1),%esi
c010038f:	00 
c0100390:	8b 10                	mov    (%eax),%edx
c0100392:	8d 44 10 04          	lea    0x4(%eax,%edx,1),%eax
c0100396:	39 f8                	cmp    %edi,%eax
c0100398:	0f 83 ec fe ff ff    	jae    c010028a <kernelMain+0x4a>
c010039e:	83 78 14 01          	cmpl   $0x1,0x14(%eax)
c01003a2:	75 ec                	jne    c0100390 <kernelMain+0x150>
c01003a4:	8b 50 0c             	mov    0xc(%eax),%edx
c01003a7:	8b 48 10             	mov    0x10(%eax),%ecx
c01003aa:	03 50 04             	add    0x4(%eax),%edx
c01003ad:	13 48 08             	adc    0x8(%eax),%ecx
c01003b0:	83 f9 00             	cmp    $0x0,%ecx
c01003b3:	77 db                	ja     c0100390 <kernelMain+0x150>
c01003b5:	39 d6                	cmp    %edx,%esi
c01003b7:	0f 42 f2             	cmovb  %edx,%esi
c01003ba:	eb d4                	jmp    c0100390 <kernelMain+0x150>
c01003bc:	8b 06                	mov    (%esi),%eax
c01003be:	8d 74 06 04          	lea    0x4(%esi,%eax,1),%esi
c01003c2:	39 fe                	cmp    %edi,%esi
c01003c4:	0f 82 e6 fe ff ff    	jb     c01002b0 <kernelMain+0x70>
c01003ca:	e9 05 ff ff ff       	jmp    c01002d4 <kernelMain+0x94>
c01003cf:	0f b6 43 6c          	movzbl 0x6c(%ebx),%eax
c01003d3:	83 ec 0c             	sub    $0xc,%esp
c01003d6:	50                   	push   %eax
c01003d7:	ff 73 68             	push   0x68(%ebx)
c01003da:	ff 73 64             	push   0x64(%ebx)
c01003dd:	0f b6 43 6d          	movzbl 0x6d(%ebx),%eax
c01003e1:	50                   	push   %eax
c01003e2:	68 60 40 10 c0       	push   $0xc0104060
c01003e7:	e8 b4 04 00 00       	call   c01008a0 <kprintf>
c01003ec:	83 c4 20             	add    $0x20,%esp
c01003ef:	e9 fb fe ff ff       	jmp    c01002ef <kernelMain+0xaf>
c01003f4:	66 90                	xchg   %ax,%ax
c01003f6:	66 90                	xchg   %ax,%ax
c01003f8:	66 90                	xchg   %ax,%ax
c01003fa:	66 90                	xchg   %ax,%ax
c01003fc:	66 90                	xchg   %ax,%ax
c01003fe:	66 90                	xchg   %ax,%ax

c0100400 <terminalInit>:
c0100400:	83 ec 0c             	sub    $0xc,%esp
c0100403:	8b 44 24 10          	mov    0x10(%esp),%eax
c0100407:	f6 40 01 10          	testb  $0x10,0x1(%eax)
c010040b:	75 53                	jne    c0100460 <terminalInit+0x60>
c010040d:	a1 00 80 10 c0       	mov    0xc0108000,%eax
c0100412:	85 c0                	test   %eax,%eax
c0100414:	74 64                	je     c010047a <terminalInit+0x7a>
c0100416:	83 ec 08             	sub    $0x8,%esp
c0100419:	68 20 80 10 c0       	push   $0xc0108020
c010041e:	68 00 80 10 c0       	push   $0xc0108000
c0100423:	e8 28 03 00 00       	call   c0100750 <framebufferBackendGet>
c0100428:	83 c4 10             	add    $0x10,%esp
c010042b:	c7 05 1c 80 10 c0 00 	movl   $0x0,0xc010801c
c0100432:	00 00 00 
c0100435:	83 ec 08             	sub    $0x8,%esp
c0100438:	6a 00                	push   $0x0
c010043a:	6a 07                	push   $0x7
c010043c:	c7 05 18 80 10 c0 00 	movl   $0x0,0xc0108018
c0100443:	00 00 00 
c0100446:	e8 e5 fb ff ff       	call   c0100030 <vgaEntryColor>
c010044b:	a2 14 80 10 c0       	mov    %al,0xc0108014
c0100450:	0f b6 c0             	movzbl %al,%eax
c0100453:	89 44 24 20          	mov    %eax,0x20(%esp)
c0100457:	83 c4 1c             	add    $0x1c,%esp
c010045a:	ff 25 28 80 10 c0    	jmp    *0xc0108028
c0100460:	83 ec 08             	sub    $0x8,%esp
c0100463:	68 00 80 10 c0       	push   $0xc0108000
c0100468:	50                   	push   %eax
c0100469:	e8 e2 fb ff ff       	call   c0100050 <framebufferInit>
c010046e:	a1 00 80 10 c0       	mov    0xc0108000,%eax
c0100473:	83 c4 10             	add    $0x10,%esp
c0100476:	85 c0                	test   %eax,%eax
c0100478:	75 9c                	jne    c0100416 <terminalInit+0x16>
c010047a:	83 ec 0c             	sub    $0xc,%esp
c010047d:	68 20 80 10 c0       	push   $0xc0108020
c0100482:	e8 e9 03 00 00       	call   c0100870 <vgaBackendGet>
c0100487:	83 c4 10             	add    $0x10,%esp
c010048a:	eb 9f                	jmp    c010042b <terminalInit+0x2b>
c010048c:	8d 74 26 00          	lea    0x0(%esi,%eiz,1),%esi

c0100490 <terminalSetColor>:
c0100490:	0f b6 44 24 04       	movzbl 0x4(%esp),%eax
c0100495:	a2 14 80 10 c0       	mov    %al,0xc0108014
c010049a:	c3                   	ret
c010049b:	2e 8d 74 26 00       	lea    %cs:0x0(%esi,%eiz,1),%esi

c01004a0 <terminalPutChar>:
c01004a0:	83 ec 0c             	sub    $0xc,%esp
c01004a3:	0f be 44 24 10       	movsbl 0x10(%esp),%eax
c01004a8:	3c 0a                	cmp    $0xa,%al
c01004aa:	74 44                	je     c01004f0 <terminalPutChar+0x50>
c01004ac:	3c 0d                	cmp    $0xd,%al
c01004ae:	0f 84 9c 00 00 00    	je     c0100550 <terminalPutChar+0xb0>
c01004b4:	8b 15 18 80 10 c0    	mov    0xc0108018,%edx
c01004ba:	3c 09                	cmp    $0x9,%al
c01004bc:	74 7a                	je     c0100538 <terminalPutChar+0x98>
c01004be:	0f b6 0d 14 80 10 c0 	movzbl 0xc0108014,%ecx
c01004c5:	51                   	push   %ecx
c01004c6:	50                   	push   %eax
c01004c7:	ff 35 1c 80 10 c0    	push   0xc010801c
c01004cd:	52                   	push   %edx
c01004ce:	ff 15 20 80 10 c0    	call   *0xc0108020
c01004d4:	a1 18 80 10 c0       	mov    0xc0108018,%eax
c01004d9:	83 c4 10             	add    $0x10,%esp
c01004dc:	83 c0 01             	add    $0x1,%eax
c01004df:	3b 05 2c 80 10 c0    	cmp    0xc010802c,%eax
c01004e5:	74 09                	je     c01004f0 <terminalPutChar+0x50>
c01004e7:	a3 18 80 10 c0       	mov    %eax,0xc0108018
c01004ec:	83 c4 0c             	add    $0xc,%esp
c01004ef:	c3                   	ret
c01004f0:	a1 1c 80 10 c0       	mov    0xc010801c,%eax
c01004f5:	c7 05 18 80 10 c0 00 	movl   $0x0,0xc0108018
c01004fc:	00 00 00 
c01004ff:	83 c0 01             	add    $0x1,%eax
c0100502:	a3 1c 80 10 c0       	mov    %eax,0xc010801c
c0100507:	3b 05 30 80 10 c0    	cmp    0xc0108030,%eax
c010050d:	75 dd                	jne    c01004ec <terminalPutChar+0x4c>
c010050f:	0f b6 05 14 80 10 c0 	movzbl 0xc0108014,%eax
c0100516:	83 ec 0c             	sub    $0xc,%esp
c0100519:	50                   	push   %eax
c010051a:	ff 15 24 80 10 c0    	call   *0xc0108024
c0100520:	a1 30 80 10 c0       	mov    0xc0108030,%eax
c0100525:	83 c4 10             	add    $0x10,%esp
c0100528:	83 e8 01             	sub    $0x1,%eax
c010052b:	a3 1c 80 10 c0       	mov    %eax,0xc010801c
c0100530:	83 c4 0c             	add    $0xc,%esp
c0100533:	c3                   	ret
c0100534:	8d 74 26 00          	lea    0x0(%esi,%eiz,1),%esi
c0100538:	83 c2 04             	add    $0x4,%edx
c010053b:	83 e2 fc             	and    $0xfffffffc,%edx
c010053e:	3b 15 2c 80 10 c0    	cmp    0xc010802c,%edx
c0100544:	73 aa                	jae    c01004f0 <terminalPutChar+0x50>
c0100546:	89 15 18 80 10 c0    	mov    %edx,0xc0108018
c010054c:	eb 9e                	jmp    c01004ec <terminalPutChar+0x4c>
c010054e:	66 90                	xchg   %ax,%ax
c0100550:	c7 05 18 80 10 c0 00 	movl   $0x0,0xc0108018
c0100557:	00 00 00 
c010055a:	83 c4 0c             	add    $0xc,%esp
c010055d:	c3                   	ret
c010055e:	66 90                	xchg   %ax,%ax

c0100560 <terminalWrite>:
c0100560:	83 ec 0c             	sub    $0xc,%esp
c0100563:	89 74 24 08          	mov    %esi,0x8(%esp)
c0100567:	8b 74 24 14          	mov    0x14(%esp),%esi
c010056b:	85 f6                	test   %esi,%esi
c010056d:	0f 84 b1 00 00 00    	je     c0100624 <terminalWrite+0xc4>
c0100573:	89 5c 24 04          	mov    %ebx,0x4(%esp)
c0100577:	8b 5c 24 10          	mov    0x10(%esp),%ebx
c010057b:	01 de                	add    %ebx,%esi
c010057d:	eb 4c                	jmp    c01005cb <terminalWrite+0x6b>
c010057f:	90                   	nop
c0100580:	3c 0d                	cmp    $0xd,%al
c0100582:	0f 84 a8 00 00 00    	je     c0100630 <terminalWrite+0xd0>
c0100588:	8b 15 18 80 10 c0    	mov    0xc0108018,%edx
c010058e:	3c 09                	cmp    $0x9,%al
c0100590:	0f 84 aa 00 00 00    	je     c0100640 <terminalWrite+0xe0>
c0100596:	0f b6 0d 14 80 10 c0 	movzbl 0xc0108014,%ecx
c010059d:	51                   	push   %ecx
c010059e:	50                   	push   %eax
c010059f:	ff 35 1c 80 10 c0    	push   0xc010801c
c01005a5:	52                   	push   %edx
c01005a6:	ff 15 20 80 10 c0    	call   *0xc0108020
c01005ac:	a1 18 80 10 c0       	mov    0xc0108018,%eax
c01005b1:	83 c4 10             	add    $0x10,%esp
c01005b4:	83 c0 01             	add    $0x1,%eax
c01005b7:	3b 05 2c 80 10 c0    	cmp    0xc010802c,%eax
c01005bd:	74 13                	je     c01005d2 <terminalWrite+0x72>
c01005bf:	a3 18 80 10 c0       	mov    %eax,0xc0108018
c01005c4:	83 c3 01             	add    $0x1,%ebx
c01005c7:	39 de                	cmp    %ebx,%esi
c01005c9:	74 55                	je     c0100620 <terminalWrite+0xc0>
c01005cb:	0f be 03             	movsbl (%ebx),%eax
c01005ce:	3c 0a                	cmp    $0xa,%al
c01005d0:	75 ae                	jne    c0100580 <terminalWrite+0x20>
c01005d2:	a1 1c 80 10 c0       	mov    0xc010801c,%eax
c01005d7:	c7 05 18 80 10 c0 00 	movl   $0x0,0xc0108018
c01005de:	00 00 00 
c01005e1:	83 c0 01             	add    $0x1,%eax
c01005e4:	a3 1c 80 10 c0       	mov    %eax,0xc010801c
c01005e9:	3b 05 30 80 10 c0    	cmp    0xc0108030,%eax
c01005ef:	75 d3                	jne    c01005c4 <terminalWrite+0x64>
c01005f1:	0f b6 05 14 80 10 c0 	movzbl 0xc0108014,%eax
c01005f8:	83 ec 0c             	sub    $0xc,%esp
c01005fb:	83 c3 01             	add    $0x1,%ebx
c01005fe:	50                   	push   %eax
c01005ff:	ff 15 24 80 10 c0    	call   *0xc0108024
c0100605:	a1 30 80 10 c0       	mov    0xc0108030,%eax
c010060a:	83 e8 01             	sub    $0x1,%eax
c010060d:	83 c4 10             	add    $0x10,%esp
c0100610:	a3 1c 80 10 c0       	mov    %eax,0xc010801c
c0100615:	39 de                	cmp    %ebx,%esi
c0100617:	75 b2                	jne    c01005cb <terminalWrite+0x6b>
c0100619:	8d b4 26 00 00 00 00 	lea    0x0(%esi,%eiz,1),%esi
c0100620:	8b 5c 24 04          	mov    0x4(%esp),%ebx
c0100624:	8b 74 24 08          	mov    0x8(%esp),%esi
c0100628:	83 c4 0c             	add    $0xc,%esp
c010062b:	c3                   	ret
c010062c:	8d 74 26 00          	lea    0x0(%esi,%eiz,1),%esi
c0100630:	c7 05 18 80 10 c0 00 	movl   $0x0,0xc0108018
c0100637:	00 00 00 
c010063a:	eb 88                	jmp    c01005c4 <terminalWrite+0x64>
c010063c:	8d 74 26 00          	lea    0x0(%esi,%eiz,1),%esi
c0100640:	83 c2 04             	add    $0x4,%edx
c0100643:	83 e2 fc             	and    $0xfffffffc,%edx
c0100646:	3b 15 2c 80 10 c0    	cmp    0xc010802c,%edx
c010064c:	73 84                	jae    c01005d2 <terminalWrite+0x72>
c010064e:	89 15 18 80 10 c0    	mov    %edx,0xc0108018
c0100654:	e9 6b ff ff ff       	jmp    c01005c4 <terminalWrite+0x64>
c0100659:	66 90                	xchg   %ax,%ax
c010065b:	66 90                	xchg   %ax,%ax
c010065d:	66 90                	xchg   %ax,%ax
c010065f:	90                   	nop

c0100660 <framebufferScroll1>:
c0100660:	83 ec 14             	sub    $0x14,%esp
c0100663:	6a 10                	push   $0x10
c0100665:	6a 00                	push   $0x0
c0100667:	e8 34 fb ff ff       	call   c01001a0 <framebufferScroll>
c010066c:	83 c4 1c             	add    $0x1c,%esp
c010066f:	c3                   	ret

c0100670 <framebufferClear1>:
c0100670:	83 ec 14             	sub    $0x14,%esp
c0100673:	0f b6 44 24 18       	movzbl 0x18(%esp),%eax
c0100678:	c0 e8 04             	shr    $0x4,%al
c010067b:	0f b6 c0             	movzbl %al,%eax
c010067e:	ff 34 85 40 51 10 c0 	push   -0x3fefaec0(,%eax,4)
c0100685:	6a 00                	push   $0x0
c0100687:	e8 94 fa ff ff       	call   c0100120 <framebufferClear>
c010068c:	83 c4 1c             	add    $0x1c,%esp
c010068f:	c3                   	ret

c0100690 <framebufferPutEntryAt>:
c0100690:	55                   	push   %ebp
c0100691:	57                   	push   %edi
c0100692:	56                   	push   %esi
c0100693:	53                   	push   %ebx
c0100694:	83 ec 1c             	sub    $0x1c,%esp
c0100697:	0f b6 44 24 3c       	movzbl 0x3c(%esp),%eax
c010069c:	89 c2                	mov    %eax,%edx
c010069e:	c0 e8 04             	shr    $0x4,%al
c01006a1:	0f b6 c0             	movzbl %al,%eax
c01006a4:	83 e2 0f             	and    $0xf,%edx
c01006a7:	8b 3c 85 40 51 10 c0 	mov    -0x3fefaec0(,%eax,4),%edi
c01006ae:	8b 44 24 30          	mov    0x30(%esp),%eax
c01006b2:	8b 2c 95 40 51 10 c0 	mov    -0x3fefaec0(,%edx,4),%ebp
c01006b9:	8d 34 c5 00 00 00 00 	lea    0x0(,%eax,8),%esi
c01006c0:	8b 44 24 34          	mov    0x34(%esp),%eax
c01006c4:	c1 e0 04             	shl    $0x4,%eax
c01006c7:	89 44 24 04          	mov    %eax,0x4(%esp)
c01006cb:	0f b6 44 24 38       	movzbl 0x38(%esp),%eax
c01006d0:	c1 e0 04             	shl    $0x4,%eax
c01006d3:	8d 90 40 41 10 c0    	lea    -0x3fefbec0(%eax),%edx
c01006d9:	05 50 41 10 c0       	add    $0xc0104150,%eax
c01006de:	89 44 24 0c          	mov    %eax,0xc(%esp)
c01006e2:	8d b6 00 00 00 00    	lea    0x0(%esi),%esi
c01006e8:	2e 8d b4 26 00 00 00 	lea    %cs:0x0(%esi,%eiz,1),%esi
c01006ef:	00 
c01006f0:	0f b6 02             	movzbl (%edx),%eax
c01006f3:	89 54 24 08          	mov    %edx,0x8(%esp)
c01006f7:	31 db                	xor    %ebx,%ebx
c01006f9:	89 04 24             	mov    %eax,(%esp)
c01006fc:	8d 74 26 00          	lea    0x0(%esi,%eiz,1),%esi
c0100700:	89 d9                	mov    %ebx,%ecx
c0100702:	b8 80 00 00 00       	mov    $0x80,%eax
c0100707:	d3 f8                	sar    %cl,%eax
c0100709:	85 04 24             	test   %eax,(%esp)
c010070c:	89 e8                	mov    %ebp,%eax
c010070e:	0f 44 c7             	cmove  %edi,%eax
c0100711:	50                   	push   %eax
c0100712:	8b 44 24 08          	mov    0x8(%esp),%eax
c0100716:	01 d8                	add    %ebx,%eax
c0100718:	50                   	push   %eax
c0100719:	8d 04 1e             	lea    (%esi,%ebx,1),%eax
c010071c:	83 c3 01             	add    $0x1,%ebx
c010071f:	50                   	push   %eax
c0100720:	6a 00                	push   $0x0
c0100722:	e8 b9 f9 ff ff       	call   c01000e0 <framebufferPutPixel>
c0100727:	83 c4 10             	add    $0x10,%esp
c010072a:	83 fb 08             	cmp    $0x8,%ebx
c010072d:	75 d1                	jne    c0100700 <framebufferPutEntryAt+0x70>
c010072f:	8b 54 24 08          	mov    0x8(%esp),%edx
c0100733:	83 c2 01             	add    $0x1,%edx
c0100736:	3b 54 24 0c          	cmp    0xc(%esp),%edx
c010073a:	75 b4                	jne    c01006f0 <framebufferPutEntryAt+0x60>
c010073c:	83 c4 1c             	add    $0x1c,%esp
c010073f:	5b                   	pop    %ebx
c0100740:	5e                   	pop    %esi
c0100741:	5f                   	pop    %edi
c0100742:	5d                   	pop    %ebp
c0100743:	c3                   	ret
c0100744:	8d 74 26 00          	lea    0x0(%esi,%eiz,1),%esi
c0100748:	2e 8d b4 26 00 00 00 	lea    %cs:0x0(%esi,%eiz,1),%esi
c010074f:	00 

c0100750 <framebufferBackendGet>:
c0100750:	8b 44 24 04          	mov    0x4(%esp),%eax
c0100754:	c7 00 90 06 10 c0    	movl   $0xc0100690,(%eax)
c010075a:	c7 40 08 70 06 10 c0 	movl   $0xc0100670,0x8(%eax)
c0100761:	c7 40 04 60 06 10 c0 	movl   $0xc0100660,0x4(%eax)
c0100768:	a1 08 00 00 00       	mov    0x8,%eax
c010076d:	0f 0b                	ud2
c010076f:	90                   	nop

c0100770 <vgaScroll>:
c0100770:	56                   	push   %esi
c0100771:	53                   	push   %ebx
c0100772:	bb 50 00 00 00       	mov    $0x50,%ebx
c0100777:	83 ec 04             	sub    $0x4,%esp
c010077a:	8d b6 00 00 00 00    	lea    0x0(%esi),%esi
c0100780:	8d 84 1b 00 80 0b 00 	lea    0xb8000(%ebx,%ebx,1),%eax
c0100787:	8d 8c 1b a0 80 0b 00 	lea    0xb80a0(%ebx,%ebx,1),%ecx
c010078e:	66 90                	xchg   %ax,%ax
c0100790:	8b 10                	mov    (%eax),%edx
c0100792:	83 c0 04             	add    $0x4,%eax
c0100795:	89 90 5c ff ff ff    	mov    %edx,-0xa4(%eax)
c010079b:	39 c8                	cmp    %ecx,%eax
c010079d:	75 f1                	jne    c0100790 <vgaScroll+0x20>
c010079f:	83 c3 50             	add    $0x50,%ebx
c01007a2:	81 fb d0 07 00 00    	cmp    $0x7d0,%ebx
c01007a8:	75 d6                	jne    c0100780 <vgaScroll+0x10>
c01007aa:	0f b6 74 24 10       	movzbl 0x10(%esp),%esi
c01007af:	bb 00 8f 0b 00       	mov    $0xb8f00,%ebx
c01007b4:	8d 74 26 00          	lea    0x0(%esi,%eiz,1),%esi
c01007b8:	2e 8d b4 26 00 00 00 	lea    %cs:0x0(%esi,%eiz,1),%esi
c01007bf:	00 
c01007c0:	83 ec 08             	sub    $0x8,%esp
c01007c3:	83 c3 02             	add    $0x2,%ebx
c01007c6:	56                   	push   %esi
c01007c7:	6a 20                	push   $0x20
c01007c9:	e8 72 f8 ff ff       	call   c0100040 <vgaEntry>
c01007ce:	83 c4 10             	add    $0x10,%esp
c01007d1:	66 89 43 fe          	mov    %ax,-0x2(%ebx)
c01007d5:	81 fb a0 8f 0b 00    	cmp    $0xb8fa0,%ebx
c01007db:	75 e3                	jne    c01007c0 <vgaScroll+0x50>
c01007dd:	83 c4 04             	add    $0x4,%esp
c01007e0:	5b                   	pop    %ebx
c01007e1:	5e                   	pop    %esi
c01007e2:	c3                   	ret
c01007e3:	2e 8d 74 26 00       	lea    %cs:0x0(%esi,%eiz,1),%esi
c01007e8:	2e 8d b4 26 00 00 00 	lea    %cs:0x0(%esi,%eiz,1),%esi
c01007ef:	00 

c01007f0 <vgaClear>:
c01007f0:	57                   	push   %edi
c01007f1:	56                   	push   %esi
c01007f2:	be a0 80 0b 00       	mov    $0xb80a0,%esi
c01007f7:	53                   	push   %ebx
c01007f8:	0f b6 7c 24 10       	movzbl 0x10(%esp),%edi
c01007fd:	8d 76 00             	lea    0x0(%esi),%esi
c0100800:	8d 9e 60 ff ff ff    	lea    -0xa0(%esi),%ebx
c0100806:	66 90                	xchg   %ax,%ax
c0100808:	2e 8d b4 26 00 00 00 	lea    %cs:0x0(%esi,%eiz,1),%esi
c010080f:	00 
c0100810:	83 ec 08             	sub    $0x8,%esp
c0100813:	83 c3 02             	add    $0x2,%ebx
c0100816:	57                   	push   %edi
c0100817:	6a 20                	push   $0x20
c0100819:	e8 22 f8 ff ff       	call   c0100040 <vgaEntry>
c010081e:	83 c4 10             	add    $0x10,%esp
c0100821:	66 89 43 fe          	mov    %ax,-0x2(%ebx)
c0100825:	39 f3                	cmp    %esi,%ebx
c0100827:	75 e7                	jne    c0100810 <vgaClear+0x20>
c0100829:	8d b3 a0 00 00 00    	lea    0xa0(%ebx),%esi
c010082f:	81 fb a0 8f 0b 00    	cmp    $0xb8fa0,%ebx
c0100835:	75 c9                	jne    c0100800 <vgaClear+0x10>
c0100837:	5b                   	pop    %ebx
c0100838:	5e                   	pop    %esi
c0100839:	5f                   	pop    %edi
c010083a:	c3                   	ret
c010083b:	2e 8d 74 26 00       	lea    %cs:0x0(%esi,%eiz,1),%esi

c0100840 <vgaPutEntryAt>:
c0100840:	83 ec 14             	sub    $0x14,%esp
c0100843:	0f b6 44 24 24       	movzbl 0x24(%esp),%eax
c0100848:	50                   	push   %eax
c0100849:	0f b6 44 24 24       	movzbl 0x24(%esp),%eax
c010084e:	50                   	push   %eax
c010084f:	e8 ec f7 ff ff       	call   c0100040 <vgaEntry>
c0100854:	89 c2                	mov    %eax,%edx
c0100856:	8b 44 24 24          	mov    0x24(%esp),%eax
c010085a:	8d 04 80             	lea    (%eax,%eax,4),%eax
c010085d:	c1 e0 04             	shl    $0x4,%eax
c0100860:	03 44 24 20          	add    0x20(%esp),%eax
c0100864:	66 89 94 00 00 80 0b 	mov    %dx,0xb8000(%eax,%eax,1)
c010086b:	00 
c010086c:	83 c4 1c             	add    $0x1c,%esp
c010086f:	c3                   	ret

c0100870 <vgaBackendGet>:
c0100870:	8b 44 24 04          	mov    0x4(%esp),%eax
c0100874:	c7 00 40 08 10 c0    	movl   $0xc0100840,(%eax)
c010087a:	c7 40 08 f0 07 10 c0 	movl   $0xc01007f0,0x8(%eax)
c0100881:	c7 40 04 70 07 10 c0 	movl   $0xc0100770,0x4(%eax)
c0100888:	c7 40 0c 50 00 00 00 	movl   $0x50,0xc(%eax)
c010088f:	c7 40 10 19 00 00 00 	movl   $0x19,0x10(%eax)
c0100896:	c3                   	ret
c0100897:	66 90                	xchg   %ax,%ax
c0100899:	66 90                	xchg   %ax,%ax
c010089b:	66 90                	xchg   %ax,%ax
c010089d:	66 90                	xchg   %ax,%ax
c010089f:	90                   	nop

c01008a0 <kprintf>:
c01008a0:	83 ec 3c             	sub    $0x3c,%esp
c01008a3:	8b 4c 24 40          	mov    0x40(%esp),%ecx
c01008a7:	8d 44 24 44          	lea    0x44(%esp),%eax
c01008ab:	89 44 24 08          	mov    %eax,0x8(%esp)
c01008af:	0f b6 01             	movzbl (%ecx),%eax
c01008b2:	84 c0                	test   %al,%al
c01008b4:	0f 84 dd 0a 00 00    	je     c0101397 <kprintf+0xaf7>
c01008ba:	89 74 24 30          	mov    %esi,0x30(%esp)
c01008be:	89 7c 24 34          	mov    %edi,0x34(%esp)
c01008c2:	89 5c 24 2c          	mov    %ebx,0x2c(%esp)
c01008c6:	89 cb                	mov    %ecx,%ebx
c01008c8:	89 6c 24 38          	mov    %ebp,0x38(%esp)
c01008cc:	31 ed                	xor    %ebp,%ebp
c01008ce:	66 90                	xchg   %ax,%ax
c01008d0:	be ff ff ff 7f       	mov    $0x7fffffff,%esi
c01008d5:	29 ee                	sub    %ebp,%esi
c01008d7:	3c 25                	cmp    $0x25,%al
c01008d9:	0f 85 f4 01 00 00    	jne    c0100ad3 <kprintf+0x233>
c01008df:	0f b6 43 01          	movzbl 0x1(%ebx),%eax
c01008e3:	3c 25                	cmp    $0x25,%al
c01008e5:	0f 84 e5 01 00 00    	je     c0100ad0 <kprintf+0x230>
c01008eb:	83 e8 63             	sub    $0x63,%eax
c01008ee:	3c 15                	cmp    $0x15,%al
c01008f0:	77 0e                	ja     c0100900 <kprintf+0x60>
c01008f2:	0f b6 c0             	movzbl %al,%eax
c01008f5:	ff 24 85 80 51 10 c0 	jmp    *-0x3fefae80(,%eax,4)
c01008fc:	8d 74 26 00          	lea    0x0(%esi,%eiz,1),%esi
c0100900:	83 ec 0c             	sub    $0xc,%esp
c0100903:	53                   	push   %ebx
c0100904:	e8 57 0d 00 00       	call   c0101660 <strlen>
c0100909:	83 c4 10             	add    $0x10,%esp
c010090c:	89 c7                	mov    %eax,%edi
c010090e:	39 c6                	cmp    %eax,%esi
c0100910:	0f 82 c9 00 00 00    	jb     c01009df <kprintf+0x13f>
c0100916:	85 c0                	test   %eax,%eax
c0100918:	0f 84 32 02 00 00    	je     c0100b50 <kprintf+0x2b0>
c010091e:	89 de                	mov    %ebx,%esi
c0100920:	8d 1c 03             	lea    (%ebx,%eax,1),%ebx
c0100923:	eb 0e                	jmp    c0100933 <kprintf+0x93>
c0100925:	8d 76 00             	lea    0x0(%esi),%esi
c0100928:	83 c6 01             	add    $0x1,%esi
c010092b:	39 f3                	cmp    %esi,%ebx
c010092d:	0f 84 1d 02 00 00    	je     c0100b50 <kprintf+0x2b0>
c0100933:	0f b6 06             	movzbl (%esi),%eax
c0100936:	83 ec 0c             	sub    $0xc,%esp
c0100939:	50                   	push   %eax
c010093a:	e8 01 0d 00 00       	call   c0101640 <kputchar>
c010093f:	83 c4 10             	add    $0x10,%esp
c0100942:	83 f8 ff             	cmp    $0xffffffff,%eax
c0100945:	75 e1                	jne    c0100928 <kprintf+0x88>
c0100947:	90                   	nop
c0100948:	2e 8d b4 26 00 00 00 	lea    %cs:0x0(%esi,%eiz,1),%esi
c010094f:	00 
c0100950:	8b 5c 24 2c          	mov    0x2c(%esp),%ebx
c0100954:	8b 74 24 30          	mov    0x30(%esp),%esi
c0100958:	8b 7c 24 34          	mov    0x34(%esp),%edi
c010095c:	8b 6c 24 38          	mov    0x38(%esp),%ebp
c0100960:	83 c4 3c             	add    $0x3c,%esp
c0100963:	c3                   	ret
c0100964:	8b 44 24 08          	mov    0x8(%esp),%eax
c0100968:	8b 00                	mov    (%eax),%eax
c010096a:	89 44 24 04          	mov    %eax,0x4(%esp)
c010096e:	85 c0                	test   %eax,%eax
c0100970:	0f 85 16 02 00 00    	jne    c0100b8c <kprintf+0x2ec>
c0100976:	c6 44 24 10 30       	movb   $0x30,0x10(%esp)
c010097b:	85 f6                	test   %esi,%esi
c010097d:	74 60                	je     c01009df <kprintf+0x13f>
c010097f:	c7 44 24 04 01 00 00 	movl   $0x1,0x4(%esp)
c0100986:	00 
c0100987:	e9 13 04 00 00       	jmp    c0100d9f <kprintf+0x4ff>
c010098c:	8b 44 24 08          	mov    0x8(%esp),%eax
c0100990:	8b 08                	mov    (%eax),%ecx
c0100992:	85 c9                	test   %ecx,%ecx
c0100994:	0f 85 ba 05 00 00    	jne    c0100f54 <kprintf+0x6b4>
c010099a:	c6 44 24 10 30       	movb   $0x30,0x10(%esp)
c010099f:	85 f6                	test   %esi,%esi
c01009a1:	74 3c                	je     c01009df <kprintf+0x13f>
c01009a3:	c7 44 24 04 01 00 00 	movl   $0x1,0x4(%esp)
c01009aa:	00 
c01009ab:	2e 8d 74 26 00       	lea    %cs:0x0(%esi,%eiz,1),%esi
c01009b0:	8b 44 24 04          	mov    0x4(%esp),%eax
c01009b4:	8d 7c 24 10          	lea    0x10(%esp),%edi
c01009b8:	8d 34 38             	lea    (%eax,%edi,1),%esi
c01009bb:	eb 0e                	jmp    c01009cb <kprintf+0x12b>
c01009bd:	8d 76 00             	lea    0x0(%esi),%esi
c01009c0:	83 c7 01             	add    $0x1,%edi
c01009c3:	39 fe                	cmp    %edi,%esi
c01009c5:	0f 84 75 07 00 00    	je     c0101140 <kprintf+0x8a0>
c01009cb:	0f b6 07             	movzbl (%edi),%eax
c01009ce:	83 ec 0c             	sub    $0xc,%esp
c01009d1:	50                   	push   %eax
c01009d2:	e8 69 0c 00 00       	call   c0101640 <kputchar>
c01009d7:	83 c4 10             	add    $0x10,%esp
c01009da:	83 f8 ff             	cmp    $0xffffffff,%eax
c01009dd:	75 e1                	jne    c01009c0 <kprintf+0x120>
c01009df:	8b 5c 24 2c          	mov    0x2c(%esp),%ebx
c01009e3:	8b 74 24 30          	mov    0x30(%esp),%esi
c01009e7:	b8 ff ff ff ff       	mov    $0xffffffff,%eax
c01009ec:	8b 7c 24 34          	mov    0x34(%esp),%edi
c01009f0:	8b 6c 24 38          	mov    0x38(%esp),%ebp
c01009f4:	83 c4 3c             	add    $0x3c,%esp
c01009f7:	c3                   	ret
c01009f8:	8b 44 24 08          	mov    0x8(%esp),%eax
c01009fc:	83 ec 0c             	sub    $0xc,%esp
c01009ff:	8b 38                	mov    (%eax),%edi
c0100a01:	57                   	push   %edi
c0100a02:	e8 59 0c 00 00       	call   c0101660 <strlen>
c0100a07:	83 c4 10             	add    $0x10,%esp
c0100a0a:	89 c2                	mov    %eax,%edx
c0100a0c:	39 c6                	cmp    %eax,%esi
c0100a0e:	72 cf                	jb     c01009df <kprintf+0x13f>
c0100a10:	85 c0                	test   %eax,%eax
c0100a12:	0f 84 48 01 00 00    	je     c0100b60 <kprintf+0x2c0>
c0100a18:	89 5c 24 40          	mov    %ebx,0x40(%esp)
c0100a1c:	8d 34 07             	lea    (%edi,%eax,1),%esi
c0100a1f:	89 fb                	mov    %edi,%ebx
c0100a21:	89 c7                	mov    %eax,%edi
c0100a23:	eb 0e                	jmp    c0100a33 <kprintf+0x193>
c0100a25:	8d 76 00             	lea    0x0(%esi),%esi
c0100a28:	83 c3 01             	add    $0x1,%ebx
c0100a2b:	39 de                	cmp    %ebx,%esi
c0100a2d:	0f 84 27 01 00 00    	je     c0100b5a <kprintf+0x2ba>
c0100a33:	0f b6 03             	movzbl (%ebx),%eax
c0100a36:	83 ec 0c             	sub    $0xc,%esp
c0100a39:	50                   	push   %eax
c0100a3a:	e8 01 0c 00 00       	call   c0101640 <kputchar>
c0100a3f:	83 c4 10             	add    $0x10,%esp
c0100a42:	83 f8 ff             	cmp    $0xffffffff,%eax
c0100a45:	75 e1                	jne    c0100a28 <kprintf+0x188>
c0100a47:	e9 04 ff ff ff       	jmp    c0100950 <kprintf+0xb0>
c0100a4c:	8b 44 24 08          	mov    0x8(%esp),%eax
c0100a50:	8b 00                	mov    (%eax),%eax
c0100a52:	85 c0                	test   %eax,%eax
c0100a54:	0f 85 7a 03 00 00    	jne    c0100dd4 <kprintf+0x534>
c0100a5a:	c6 44 24 10 30       	movb   $0x30,0x10(%esp)
c0100a5f:	85 f6                	test   %esi,%esi
c0100a61:	0f 84 78 ff ff ff    	je     c01009df <kprintf+0x13f>
c0100a67:	c7 44 24 04 01 00 00 	movl   $0x1,0x4(%esp)
c0100a6e:	00 
c0100a6f:	e9 a6 04 00 00       	jmp    c0100f1a <kprintf+0x67a>
c0100a74:	81 fd ff ff ff 7f    	cmp    $0x7fffffff,%ebp
c0100a7a:	0f 84 5f ff ff ff    	je     c01009df <kprintf+0x13f>
c0100a80:	83 ec 0c             	sub    $0xc,%esp
c0100a83:	8b 74 24 14          	mov    0x14(%esp),%esi
c0100a87:	0f b6 06             	movzbl (%esi),%eax
c0100a8a:	50                   	push   %eax
c0100a8b:	e8 b0 0b 00 00       	call   c0101640 <kputchar>
c0100a90:	83 c4 10             	add    $0x10,%esp
c0100a93:	83 f8 ff             	cmp    $0xffffffff,%eax
c0100a96:	0f 84 b4 fe ff ff    	je     c0100950 <kprintf+0xb0>
c0100a9c:	83 c6 04             	add    $0x4,%esi
c0100a9f:	0f b6 43 02          	movzbl 0x2(%ebx),%eax
c0100aa3:	83 c5 01             	add    $0x1,%ebp
c0100aa6:	83 c3 02             	add    $0x2,%ebx
c0100aa9:	89 74 24 08          	mov    %esi,0x8(%esp)
c0100aad:	8d 76 00             	lea    0x0(%esi),%esi
c0100ab0:	84 c0                	test   %al,%al
c0100ab2:	0f 85 18 fe ff ff    	jne    c01008d0 <kprintf+0x30>
c0100ab8:	89 e8                	mov    %ebp,%eax
c0100aba:	8b 5c 24 2c          	mov    0x2c(%esp),%ebx
c0100abe:	8b 74 24 30          	mov    0x30(%esp),%esi
c0100ac2:	8b 7c 24 34          	mov    0x34(%esp),%edi
c0100ac6:	8b 6c 24 38          	mov    0x38(%esp),%ebp
c0100aca:	83 c4 3c             	add    $0x3c,%esp
c0100acd:	c3                   	ret
c0100ace:	66 90                	xchg   %ax,%ax
c0100ad0:	83 c3 01             	add    $0x1,%ebx
c0100ad3:	0f b6 43 01          	movzbl 0x1(%ebx),%eax
c0100ad7:	84 c0                	test   %al,%al
c0100ad9:	0f 84 99 00 00 00    	je     c0100b78 <kprintf+0x2d8>
c0100adf:	3c 25                	cmp    $0x25,%al
c0100ae1:	0f 84 91 00 00 00    	je     c0100b78 <kprintf+0x2d8>
c0100ae7:	bf 01 00 00 00       	mov    $0x1,%edi
c0100aec:	8d 74 26 00          	lea    0x0(%esi,%eiz,1),%esi
c0100af0:	83 c7 01             	add    $0x1,%edi
c0100af3:	0f b6 04 3b          	movzbl (%ebx,%edi,1),%eax
c0100af7:	84 c0                	test   %al,%al
c0100af9:	74 04                	je     c0100aff <kprintf+0x25f>
c0100afb:	3c 25                	cmp    $0x25,%al
c0100afd:	75 f1                	jne    c0100af0 <kprintf+0x250>
c0100aff:	39 fe                	cmp    %edi,%esi
c0100b01:	0f 82 d8 fe ff ff    	jb     c01009df <kprintf+0x13f>
c0100b07:	8d 34 3b             	lea    (%ebx,%edi,1),%esi
c0100b0a:	89 f2                	mov    %esi,%edx
c0100b0c:	89 54 24 04          	mov    %edx,0x4(%esp)
c0100b10:	eb 0d                	jmp    c0100b1f <kprintf+0x27f>
c0100b12:	8d b6 00 00 00 00    	lea    0x0(%esi),%esi
c0100b18:	83 c3 01             	add    $0x1,%ebx
c0100b1b:	39 f3                	cmp    %esi,%ebx
c0100b1d:	74 21                	je     c0100b40 <kprintf+0x2a0>
c0100b1f:	0f b6 03             	movzbl (%ebx),%eax
c0100b22:	83 ec 0c             	sub    $0xc,%esp
c0100b25:	50                   	push   %eax
c0100b26:	e8 15 0b 00 00       	call   c0101640 <kputchar>
c0100b2b:	83 c4 10             	add    $0x10,%esp
c0100b2e:	83 f8 ff             	cmp    $0xffffffff,%eax
c0100b31:	75 e5                	jne    c0100b18 <kprintf+0x278>
c0100b33:	e9 18 fe ff ff       	jmp    c0100950 <kprintf+0xb0>
c0100b38:	2e 8d b4 26 00 00 00 	lea    %cs:0x0(%esi,%eiz,1),%esi
c0100b3f:	00 
c0100b40:	8b 54 24 04          	mov    0x4(%esp),%edx
c0100b44:	01 fd                	add    %edi,%ebp
c0100b46:	0f b6 02             	movzbl (%edx),%eax
c0100b49:	89 d3                	mov    %edx,%ebx
c0100b4b:	e9 60 ff ff ff       	jmp    c0100ab0 <kprintf+0x210>
c0100b50:	0f b6 03             	movzbl (%ebx),%eax
c0100b53:	01 fd                	add    %edi,%ebp
c0100b55:	e9 56 ff ff ff       	jmp    c0100ab0 <kprintf+0x210>
c0100b5a:	8b 5c 24 40          	mov    0x40(%esp),%ebx
c0100b5e:	89 fa                	mov    %edi,%edx
c0100b60:	0f b6 43 02          	movzbl 0x2(%ebx),%eax
c0100b64:	83 44 24 08 04       	addl   $0x4,0x8(%esp)
c0100b69:	01 d5                	add    %edx,%ebp
c0100b6b:	83 c3 02             	add    $0x2,%ebx
c0100b6e:	e9 3d ff ff ff       	jmp    c0100ab0 <kprintf+0x210>
c0100b73:	2e 8d 74 26 00       	lea    %cs:0x0(%esi,%eiz,1),%esi
c0100b78:	85 f6                	test   %esi,%esi
c0100b7a:	0f 84 5f fe ff ff    	je     c01009df <kprintf+0x13f>
c0100b80:	8d 53 01             	lea    0x1(%ebx),%edx
c0100b83:	bf 01 00 00 00       	mov    $0x1,%edi
c0100b88:	89 d6                	mov    %edx,%esi
c0100b8a:	eb 80                	jmp    c0100b0c <kprintf+0x26c>
c0100b8c:	89 c7                	mov    %eax,%edi
c0100b8e:	b8 67 66 66 66       	mov    $0x66666667,%eax
c0100b93:	f7 ef                	imul   %edi
c0100b95:	89 f8                	mov    %edi,%eax
c0100b97:	c1 f8 1f             	sar    $0x1f,%eax
c0100b9a:	89 d1                	mov    %edx,%ecx
c0100b9c:	89 fa                	mov    %edi,%edx
c0100b9e:	c1 f9 02             	sar    $0x2,%ecx
c0100ba1:	29 c1                	sub    %eax,%ecx
c0100ba3:	8d 04 89             	lea    (%ecx,%ecx,4),%eax
c0100ba6:	01 c0                	add    %eax,%eax
c0100ba8:	29 c2                	sub    %eax,%edx
c0100baa:	8d 42 30             	lea    0x30(%edx),%eax
c0100bad:	88 44 24 0d          	mov    %al,0xd(%esp)
c0100bb1:	88 44 24 10          	mov    %al,0x10(%esp)
c0100bb5:	85 c9                	test   %ecx,%ecx
c0100bb7:	0f 84 15 06 00 00    	je     c01011d2 <kprintf+0x932>
c0100bbd:	b8 67 66 66 66       	mov    $0x66666667,%eax
c0100bc2:	f7 e9                	imul   %ecx
c0100bc4:	89 c8                	mov    %ecx,%eax
c0100bc6:	c1 f8 1f             	sar    $0x1f,%eax
c0100bc9:	c1 fa 02             	sar    $0x2,%edx
c0100bcc:	89 d7                	mov    %edx,%edi
c0100bce:	29 c7                	sub    %eax,%edi
c0100bd0:	8d 04 bf             	lea    (%edi,%edi,4),%eax
c0100bd3:	01 c0                	add    %eax,%eax
c0100bd5:	29 c1                	sub    %eax,%ecx
c0100bd7:	83 c1 30             	add    $0x30,%ecx
c0100bda:	88 4c 24 11          	mov    %cl,0x11(%esp)
c0100bde:	85 ff                	test   %edi,%edi
c0100be0:	0f 84 2f 06 00 00    	je     c0101215 <kprintf+0x975>
c0100be6:	b8 67 66 66 66       	mov    $0x66666667,%eax
c0100beb:	f7 ef                	imul   %edi
c0100bed:	89 f8                	mov    %edi,%eax
c0100bef:	c1 f8 1f             	sar    $0x1f,%eax
c0100bf2:	89 d1                	mov    %edx,%ecx
c0100bf4:	c1 f9 02             	sar    $0x2,%ecx
c0100bf7:	29 c1                	sub    %eax,%ecx
c0100bf9:	8d 04 89             	lea    (%ecx,%ecx,4),%eax
c0100bfc:	01 c0                	add    %eax,%eax
c0100bfe:	29 c7                	sub    %eax,%edi
c0100c00:	8d 47 30             	lea    0x30(%edi),%eax
c0100c03:	88 44 24 12          	mov    %al,0x12(%esp)
c0100c07:	85 c9                	test   %ecx,%ecx
c0100c09:	0f 84 b9 06 00 00    	je     c01012c8 <kprintf+0xa28>
c0100c0f:	b8 67 66 66 66       	mov    $0x66666667,%eax
c0100c14:	f7 e9                	imul   %ecx
c0100c16:	89 c8                	mov    %ecx,%eax
c0100c18:	c1 f8 1f             	sar    $0x1f,%eax
c0100c1b:	c1 fa 02             	sar    $0x2,%edx
c0100c1e:	89 d7                	mov    %edx,%edi
c0100c20:	29 c7                	sub    %eax,%edi
c0100c22:	8d 04 bf             	lea    (%edi,%edi,4),%eax
c0100c25:	01 c0                	add    %eax,%eax
c0100c27:	29 c1                	sub    %eax,%ecx
c0100c29:	83 c1 30             	add    $0x30,%ecx
c0100c2c:	88 4c 24 13          	mov    %cl,0x13(%esp)
c0100c30:	85 ff                	test   %edi,%edi
c0100c32:	0f 84 c8 06 00 00    	je     c0101300 <kprintf+0xa60>
c0100c38:	b8 67 66 66 66       	mov    $0x66666667,%eax
c0100c3d:	f7 ef                	imul   %edi
c0100c3f:	89 f8                	mov    %edi,%eax
c0100c41:	c1 f8 1f             	sar    $0x1f,%eax
c0100c44:	c1 fa 02             	sar    $0x2,%edx
c0100c47:	89 d1                	mov    %edx,%ecx
c0100c49:	29 c1                	sub    %eax,%ecx
c0100c4b:	8d 04 89             	lea    (%ecx,%ecx,4),%eax
c0100c4e:	01 c0                	add    %eax,%eax
c0100c50:	29 c7                	sub    %eax,%edi
c0100c52:	8d 47 30             	lea    0x30(%edi),%eax
c0100c55:	88 44 24 14          	mov    %al,0x14(%esp)
c0100c59:	85 c9                	test   %ecx,%ecx
c0100c5b:	0f 84 f4 04 00 00    	je     c0101155 <kprintf+0x8b5>
c0100c61:	b8 67 66 66 66       	mov    $0x66666667,%eax
c0100c66:	f7 e9                	imul   %ecx
c0100c68:	89 c8                	mov    %ecx,%eax
c0100c6a:	c1 f8 1f             	sar    $0x1f,%eax
c0100c6d:	c1 fa 02             	sar    $0x2,%edx
c0100c70:	29 c2                	sub    %eax,%edx
c0100c72:	8d 04 92             	lea    (%edx,%edx,4),%eax
c0100c75:	89 d7                	mov    %edx,%edi
c0100c77:	01 c0                	add    %eax,%eax
c0100c79:	29 c1                	sub    %eax,%ecx
c0100c7b:	83 c1 30             	add    $0x30,%ecx
c0100c7e:	88 4c 24 15          	mov    %cl,0x15(%esp)
c0100c82:	85 d2                	test   %edx,%edx
c0100c84:	0f 84 37 07 00 00    	je     c01013c1 <kprintf+0xb21>
c0100c8a:	b8 67 66 66 66       	mov    $0x66666667,%eax
c0100c8f:	f7 ea                	imul   %edx
c0100c91:	89 f8                	mov    %edi,%eax
c0100c93:	c1 f8 1f             	sar    $0x1f,%eax
c0100c96:	c1 fa 02             	sar    $0x2,%edx
c0100c99:	89 d1                	mov    %edx,%ecx
c0100c9b:	29 c1                	sub    %eax,%ecx
c0100c9d:	8d 04 89             	lea    (%ecx,%ecx,4),%eax
c0100ca0:	01 c0                	add    %eax,%eax
c0100ca2:	29 c7                	sub    %eax,%edi
c0100ca4:	8d 47 30             	lea    0x30(%edi),%eax
c0100ca7:	88 44 24 16          	mov    %al,0x16(%esp)
c0100cab:	85 c9                	test   %ecx,%ecx
c0100cad:	0f 84 eb 06 00 00    	je     c010139e <kprintf+0xafe>
c0100cb3:	b8 67 66 66 66       	mov    $0x66666667,%eax
c0100cb8:	f7 e9                	imul   %ecx
c0100cba:	89 d0                	mov    %edx,%eax
c0100cbc:	89 ca                	mov    %ecx,%edx
c0100cbe:	c1 fa 1f             	sar    $0x1f,%edx
c0100cc1:	c1 f8 02             	sar    $0x2,%eax
c0100cc4:	29 d0                	sub    %edx,%eax
c0100cc6:	8d 14 80             	lea    (%eax,%eax,4),%edx
c0100cc9:	89 c7                	mov    %eax,%edi
c0100ccb:	89 c8                	mov    %ecx,%eax
c0100ccd:	01 d2                	add    %edx,%edx
c0100ccf:	29 d0                	sub    %edx,%eax
c0100cd1:	83 c0 30             	add    $0x30,%eax
c0100cd4:	88 44 24 17          	mov    %al,0x17(%esp)
c0100cd8:	85 ff                	test   %edi,%edi
c0100cda:	0f 84 29 08 00 00    	je     c0101509 <kprintf+0xc69>
c0100ce0:	b8 67 66 66 66       	mov    $0x66666667,%eax
c0100ce5:	f7 ef                	imul   %edi
c0100ce7:	89 f8                	mov    %edi,%eax
c0100ce9:	c1 f8 1f             	sar    $0x1f,%eax
c0100cec:	c1 fa 02             	sar    $0x2,%edx
c0100cef:	29 c2                	sub    %eax,%edx
c0100cf1:	8d 04 92             	lea    (%edx,%edx,4),%eax
c0100cf4:	01 c0                	add    %eax,%eax
c0100cf6:	29 c7                	sub    %eax,%edi
c0100cf8:	8d 47 30             	lea    0x30(%edi),%eax
c0100cfb:	88 44 24 18          	mov    %al,0x18(%esp)
c0100cff:	85 d2                	test   %edx,%edx
c0100d01:	0f 84 e3 07 00 00    	je     c01014ea <kprintf+0xc4a>
c0100d07:	8b 44 24 04          	mov    0x4(%esp),%eax
c0100d0b:	83 c2 30             	add    $0x30,%edx
c0100d0e:	88 54 24 19          	mov    %dl,0x19(%esp)
c0100d12:	85 c0                	test   %eax,%eax
c0100d14:	0f 88 d6 04 00 00    	js     c01011f0 <kprintf+0x950>
c0100d1a:	c7 44 24 04 0a 00 00 	movl   $0xa,0x4(%esp)
c0100d21:	00 
c0100d22:	b8 09 00 00 00       	mov    $0x9,%eax
c0100d27:	bf 05 00 00 00       	mov    $0x5,%edi
c0100d2c:	0f b6 4c 04 10       	movzbl 0x10(%esp,%eax,1),%ecx
c0100d31:	88 4c 24 10          	mov    %cl,0x10(%esp)
c0100d35:	0f b6 4c 24 0d       	movzbl 0xd(%esp),%ecx
c0100d3a:	88 4c 04 10          	mov    %cl,0x10(%esp,%eax,1)
c0100d3e:	0f b6 4c 24 11       	movzbl 0x11(%esp),%ecx
c0100d43:	0f b6 54 04 0f       	movzbl 0xf(%esp,%eax,1),%edx
c0100d48:	88 54 24 11          	mov    %dl,0x11(%esp)
c0100d4c:	88 4c 04 0f          	mov    %cl,0xf(%esp,%eax,1)
c0100d50:	83 ff 02             	cmp    $0x2,%edi
c0100d53:	74 40                	je     c0100d95 <kprintf+0x4f5>
c0100d55:	0f b6 4c 24 12       	movzbl 0x12(%esp),%ecx
c0100d5a:	0f b6 54 04 0e       	movzbl 0xe(%esp,%eax,1),%edx
c0100d5f:	88 54 24 12          	mov    %dl,0x12(%esp)
c0100d63:	88 4c 04 0e          	mov    %cl,0xe(%esp,%eax,1)
c0100d67:	83 ff 03             	cmp    $0x3,%edi
c0100d6a:	74 29                	je     c0100d95 <kprintf+0x4f5>
c0100d6c:	0f b6 4c 24 13       	movzbl 0x13(%esp),%ecx
c0100d71:	0f b6 54 04 0d       	movzbl 0xd(%esp,%eax,1),%edx
c0100d76:	88 54 24 13          	mov    %dl,0x13(%esp)
c0100d7a:	88 4c 04 0d          	mov    %cl,0xd(%esp,%eax,1)
c0100d7e:	83 ff 05             	cmp    $0x5,%edi
c0100d81:	75 12                	jne    c0100d95 <kprintf+0x4f5>
c0100d83:	0f b6 54 24 14       	movzbl 0x14(%esp),%edx
c0100d88:	0f b6 4c 04 0c       	movzbl 0xc(%esp,%eax,1),%ecx
c0100d8d:	88 4c 24 14          	mov    %cl,0x14(%esp)
c0100d91:	88 54 04 0c          	mov    %dl,0xc(%esp,%eax,1)
c0100d95:	3b 74 24 04          	cmp    0x4(%esp),%esi
c0100d99:	0f 82 40 fc ff ff    	jb     c01009df <kprintf+0x13f>
c0100d9f:	8b 44 24 04          	mov    0x4(%esp),%eax
c0100da3:	8d 7c 24 10          	lea    0x10(%esp),%edi
c0100da7:	8d 34 38             	lea    (%eax,%edi,1),%esi
c0100daa:	eb 0f                	jmp    c0100dbb <kprintf+0x51b>
c0100dac:	8d 74 26 00          	lea    0x0(%esi,%eiz,1),%esi
c0100db0:	83 c7 01             	add    $0x1,%edi
c0100db3:	39 fe                	cmp    %edi,%esi
c0100db5:	0f 84 85 03 00 00    	je     c0101140 <kprintf+0x8a0>
c0100dbb:	0f b6 07             	movzbl (%edi),%eax
c0100dbe:	83 ec 0c             	sub    $0xc,%esp
c0100dc1:	50                   	push   %eax
c0100dc2:	e8 79 08 00 00       	call   c0101640 <kputchar>
c0100dc7:	83 c4 10             	add    $0x10,%esp
c0100dca:	83 f8 ff             	cmp    $0xffffffff,%eax
c0100dcd:	75 e1                	jne    c0100db0 <kprintf+0x510>
c0100dcf:	e9 0b fc ff ff       	jmp    c01009df <kprintf+0x13f>
c0100dd4:	89 c2                	mov    %eax,%edx
c0100dd6:	83 e2 0f             	and    $0xf,%edx
c0100dd9:	83 fa 0a             	cmp    $0xa,%edx
c0100ddc:	8d 4a 57             	lea    0x57(%edx),%ecx
c0100ddf:	8d 7a 30             	lea    0x30(%edx),%edi
c0100de2:	89 c2                	mov    %eax,%edx
c0100de4:	0f 42 cf             	cmovb  %edi,%ecx
c0100de7:	c1 ea 04             	shr    $0x4,%edx
c0100dea:	88 4c 24 04          	mov    %cl,0x4(%esp)
c0100dee:	88 4c 24 10          	mov    %cl,0x10(%esp)
c0100df2:	0f 84 67 fc ff ff    	je     c0100a5f <kprintf+0x1bf>
c0100df8:	83 e2 0f             	and    $0xf,%edx
c0100dfb:	8d 4a 57             	lea    0x57(%edx),%ecx
c0100dfe:	8d 7a 30             	lea    0x30(%edx),%edi
c0100e01:	83 fa 0a             	cmp    $0xa,%edx
c0100e04:	89 ca                	mov    %ecx,%edx
c0100e06:	0f 42 d7             	cmovb  %edi,%edx
c0100e09:	89 c7                	mov    %eax,%edi
c0100e0b:	c1 ef 08             	shr    $0x8,%edi
c0100e0e:	88 54 24 0d          	mov    %dl,0xd(%esp)
c0100e12:	88 54 24 11          	mov    %dl,0x11(%esp)
c0100e16:	89 fa                	mov    %edi,%edx
c0100e18:	0f 84 41 04 00 00    	je     c010125f <kprintf+0x9bf>
c0100e1e:	83 e2 0f             	and    $0xf,%edx
c0100e21:	8d 7a 30             	lea    0x30(%edx),%edi
c0100e24:	83 fa 0a             	cmp    $0xa,%edx
c0100e27:	8d 4a 57             	lea    0x57(%edx),%ecx
c0100e2a:	0f 42 cf             	cmovb  %edi,%ecx
c0100e2d:	89 c7                	mov    %eax,%edi
c0100e2f:	c1 ef 0c             	shr    $0xc,%edi
c0100e32:	88 4c 24 0e          	mov    %cl,0xe(%esp)
c0100e36:	89 fa                	mov    %edi,%edx
c0100e38:	88 4c 24 12          	mov    %cl,0x12(%esp)
c0100e3c:	0f 84 a4 04 00 00    	je     c01012e6 <kprintf+0xa46>
c0100e42:	83 e2 0f             	and    $0xf,%edx
c0100e45:	8d 7a 57             	lea    0x57(%edx),%edi
c0100e48:	83 fa 0a             	cmp    $0xa,%edx
c0100e4b:	8d 4a 30             	lea    0x30(%edx),%ecx
c0100e4e:	0f 43 cf             	cmovae %edi,%ecx
c0100e51:	89 c7                	mov    %eax,%edi
c0100e53:	c1 ef 10             	shr    $0x10,%edi
c0100e56:	88 4c 24 13          	mov    %cl,0x13(%esp)
c0100e5a:	89 fa                	mov    %edi,%edx
c0100e5c:	0f 84 db 04 00 00    	je     c010133d <kprintf+0xa9d>
c0100e62:	83 e2 0f             	and    $0xf,%edx
c0100e65:	8d 7a 57             	lea    0x57(%edx),%edi
c0100e68:	83 fa 0a             	cmp    $0xa,%edx
c0100e6b:	8d 4a 30             	lea    0x30(%edx),%ecx
c0100e6e:	0f 43 cf             	cmovae %edi,%ecx
c0100e71:	89 c7                	mov    %eax,%edi
c0100e73:	c1 ef 14             	shr    $0x14,%edi
c0100e76:	88 4c 24 14          	mov    %cl,0x14(%esp)
c0100e7a:	89 fa                	mov    %edi,%edx
c0100e7c:	0f 84 1f 03 00 00    	je     c01011a1 <kprintf+0x901>
c0100e82:	83 e2 0f             	and    $0xf,%edx
c0100e85:	8d 4a 57             	lea    0x57(%edx),%ecx
c0100e88:	8d 7a 30             	lea    0x30(%edx),%edi
c0100e8b:	83 fa 0a             	cmp    $0xa,%edx
c0100e8e:	89 ca                	mov    %ecx,%edx
c0100e90:	0f 42 d7             	cmovb  %edi,%edx
c0100e93:	89 c7                	mov    %eax,%edi
c0100e95:	c1 ef 18             	shr    $0x18,%edi
c0100e98:	88 54 24 0f          	mov    %dl,0xf(%esp)
c0100e9c:	88 54 24 15          	mov    %dl,0x15(%esp)
c0100ea0:	89 fa                	mov    %edi,%edx
c0100ea2:	0f 84 81 05 00 00    	je     c0101429 <kprintf+0xb89>
c0100ea8:	83 e2 0f             	and    $0xf,%edx
c0100eab:	83 fa 0a             	cmp    $0xa,%edx
c0100eae:	8d 4a 57             	lea    0x57(%edx),%ecx
c0100eb1:	8d 7a 30             	lea    0x30(%edx),%edi
c0100eb4:	0f 43 f9             	cmovae %ecx,%edi
c0100eb7:	c1 e8 1c             	shr    $0x1c,%eax
c0100eba:	0f 84 24 05 00 00    	je     c01013e4 <kprintf+0xb44>
c0100ec0:	8d 48 57             	lea    0x57(%eax),%ecx
c0100ec3:	83 f8 0a             	cmp    $0xa,%eax
c0100ec6:	8d 50 30             	lea    0x30(%eax),%edx
c0100ec9:	89 f8                	mov    %edi,%eax
c0100ecb:	0f 43 d1             	cmovae %ecx,%edx
c0100ece:	0f b6 4c 24 04       	movzbl 0x4(%esp),%ecx
c0100ed3:	88 44 24 11          	mov    %al,0x11(%esp)
c0100ed7:	0f b7 44 24 13       	movzwl 0x13(%esp),%eax
c0100edc:	c7 44 24 04 08 00 00 	movl   $0x8,0x4(%esp)
c0100ee3:	00 
c0100ee4:	88 54 24 10          	mov    %dl,0x10(%esp)
c0100ee8:	0f b6 54 24 0d       	movzbl 0xd(%esp),%edx
c0100eed:	88 4c 24 17          	mov    %cl,0x17(%esp)
c0100ef1:	0f b6 4c 24 0e       	movzbl 0xe(%esp),%ecx
c0100ef6:	66 c1 c0 08          	rol    $0x8,%ax
c0100efa:	88 54 24 16          	mov    %dl,0x16(%esp)
c0100efe:	0f b6 54 24 0f       	movzbl 0xf(%esp),%edx
c0100f03:	88 4c 24 15          	mov    %cl,0x15(%esp)
c0100f07:	88 54 24 12          	mov    %dl,0x12(%esp)
c0100f0b:	66 89 44 24 13       	mov    %ax,0x13(%esp)
c0100f10:	3b 74 24 04          	cmp    0x4(%esp),%esi
c0100f14:	0f 82 c5 fa ff ff    	jb     c01009df <kprintf+0x13f>
c0100f1a:	8b 44 24 04          	mov    0x4(%esp),%eax
c0100f1e:	8d 7c 24 10          	lea    0x10(%esp),%edi
c0100f22:	8d 34 38             	lea    (%eax,%edi,1),%esi
c0100f25:	eb 14                	jmp    c0100f3b <kprintf+0x69b>
c0100f27:	90                   	nop
c0100f28:	2e 8d b4 26 00 00 00 	lea    %cs:0x0(%esi,%eiz,1),%esi
c0100f2f:	00 
c0100f30:	83 c7 01             	add    $0x1,%edi
c0100f33:	39 fe                	cmp    %edi,%esi
c0100f35:	0f 84 05 02 00 00    	je     c0101140 <kprintf+0x8a0>
c0100f3b:	0f b6 07             	movzbl (%edi),%eax
c0100f3e:	83 ec 0c             	sub    $0xc,%esp
c0100f41:	50                   	push   %eax
c0100f42:	e8 f9 06 00 00       	call   c0101640 <kputchar>
c0100f47:	83 c4 10             	add    $0x10,%esp
c0100f4a:	83 f8 ff             	cmp    $0xffffffff,%eax
c0100f4d:	75 e1                	jne    c0100f30 <kprintf+0x690>
c0100f4f:	e9 8b fa ff ff       	jmp    c01009df <kprintf+0x13f>
c0100f54:	b8 cd cc cc cc       	mov    $0xcccccccd,%eax
c0100f59:	f7 e1                	mul    %ecx
c0100f5b:	c1 ea 03             	shr    $0x3,%edx
c0100f5e:	8d 04 92             	lea    (%edx,%edx,4),%eax
c0100f61:	89 d7                	mov    %edx,%edi
c0100f63:	89 ca                	mov    %ecx,%edx
c0100f65:	01 c0                	add    %eax,%eax
c0100f67:	29 c2                	sub    %eax,%edx
c0100f69:	8d 42 30             	lea    0x30(%edx),%eax
c0100f6c:	88 44 24 0d          	mov    %al,0xd(%esp)
c0100f70:	88 44 24 10          	mov    %al,0x10(%esp)
c0100f74:	83 f9 09             	cmp    $0x9,%ecx
c0100f77:	0f 86 22 fa ff ff    	jbe    c010099f <kprintf+0xff>
c0100f7d:	b8 cd cc cc cc       	mov    $0xcccccccd,%eax
c0100f82:	f7 e7                	mul    %edi
c0100f84:	c1 ea 03             	shr    $0x3,%edx
c0100f87:	8d 04 92             	lea    (%edx,%edx,4),%eax
c0100f8a:	01 c0                	add    %eax,%eax
c0100f8c:	29 c7                	sub    %eax,%edi
c0100f8e:	8d 47 30             	lea    0x30(%edi),%eax
c0100f91:	88 44 24 0e          	mov    %al,0xe(%esp)
c0100f95:	88 44 24 11          	mov    %al,0x11(%esp)
c0100f99:	83 f9 63             	cmp    $0x63,%ecx
c0100f9c:	0f 86 a3 02 00 00    	jbe    c0101245 <kprintf+0x9a5>
c0100fa2:	b8 cd cc cc cc       	mov    $0xcccccccd,%eax
c0100fa7:	89 54 24 04          	mov    %edx,0x4(%esp)
c0100fab:	f7 e2                	mul    %edx
c0100fad:	89 d7                	mov    %edx,%edi
c0100faf:	8b 54 24 04          	mov    0x4(%esp),%edx
c0100fb3:	c1 ef 03             	shr    $0x3,%edi
c0100fb6:	8d 04 bf             	lea    (%edi,%edi,4),%eax
c0100fb9:	01 c0                	add    %eax,%eax
c0100fbb:	29 c2                	sub    %eax,%edx
c0100fbd:	8d 42 30             	lea    0x30(%edx),%eax
c0100fc0:	88 44 24 12          	mov    %al,0x12(%esp)
c0100fc4:	81 f9 e7 03 00 00    	cmp    $0x3e7,%ecx
c0100fca:	0f 86 53 03 00 00    	jbe    c0101323 <kprintf+0xa83>
c0100fd0:	b8 cd cc cc cc       	mov    $0xcccccccd,%eax
c0100fd5:	f7 e7                	mul    %edi
c0100fd7:	c1 ea 03             	shr    $0x3,%edx
c0100fda:	8d 04 92             	lea    (%edx,%edx,4),%eax
c0100fdd:	01 c0                	add    %eax,%eax
c0100fdf:	29 c7                	sub    %eax,%edi
c0100fe1:	8d 47 30             	lea    0x30(%edi),%eax
c0100fe4:	88 44 24 0f          	mov    %al,0xf(%esp)
c0100fe8:	88 44 24 13          	mov    %al,0x13(%esp)
c0100fec:	81 f9 0f 27 00 00    	cmp    $0x270f,%ecx
c0100ff2:	0f 86 86 02 00 00    	jbe    c010127e <kprintf+0x9de>
c0100ff8:	b8 cd cc cc cc       	mov    $0xcccccccd,%eax
c0100ffd:	89 54 24 04          	mov    %edx,0x4(%esp)
c0101001:	f7 e2                	mul    %edx
c0101003:	89 d7                	mov    %edx,%edi
c0101005:	8b 54 24 04          	mov    0x4(%esp),%edx
c0101009:	c1 ef 03             	shr    $0x3,%edi
c010100c:	8d 04 bf             	lea    (%edi,%edi,4),%eax
c010100f:	01 c0                	add    %eax,%eax
c0101011:	29 c2                	sub    %eax,%edx
c0101013:	8d 42 30             	lea    0x30(%edx),%eax
c0101016:	88 44 24 14          	mov    %al,0x14(%esp)
c010101a:	81 f9 9f 86 01 00    	cmp    $0x1869f,%ecx
c0101020:	0f 86 52 01 00 00    	jbe    c0101178 <kprintf+0x8d8>
c0101026:	b8 cd cc cc cc       	mov    $0xcccccccd,%eax
c010102b:	f7 e7                	mul    %edi
c010102d:	c1 ea 03             	shr    $0x3,%edx
c0101030:	8d 04 92             	lea    (%edx,%edx,4),%eax
c0101033:	01 c0                	add    %eax,%eax
c0101035:	29 c7                	sub    %eax,%edi
c0101037:	8d 47 30             	lea    0x30(%edi),%eax
c010103a:	88 44 24 15          	mov    %al,0x15(%esp)
c010103e:	81 f9 3f 42 0f 00    	cmp    $0xf423f,%ecx
c0101044:	0f 86 36 03 00 00    	jbe    c0101380 <kprintf+0xae0>
c010104a:	b8 cd cc cc cc       	mov    $0xcccccccd,%eax
c010104f:	89 54 24 04          	mov    %edx,0x4(%esp)
c0101053:	f7 e2                	mul    %edx
c0101055:	89 d7                	mov    %edx,%edi
c0101057:	8b 54 24 04          	mov    0x4(%esp),%edx
c010105b:	c1 ef 03             	shr    $0x3,%edi
c010105e:	8d 04 bf             	lea    (%edi,%edi,4),%eax
c0101061:	01 c0                	add    %eax,%eax
c0101063:	29 c2                	sub    %eax,%edx
c0101065:	8d 42 30             	lea    0x30(%edx),%eax
c0101068:	88 44 24 16          	mov    %al,0x16(%esp)
c010106c:	81 f9 7f 96 98 00    	cmp    $0x98967f,%ecx
c0101072:	0f 86 e4 02 00 00    	jbe    c010135c <kprintf+0xabc>
c0101078:	b8 cd cc cc cc       	mov    $0xcccccccd,%eax
c010107d:	f7 e7                	mul    %edi
c010107f:	89 f8                	mov    %edi,%eax
c0101081:	c1 ea 03             	shr    $0x3,%edx
c0101084:	89 54 24 04          	mov    %edx,0x4(%esp)
c0101088:	8d 14 92             	lea    (%edx,%edx,4),%edx
c010108b:	01 d2                	add    %edx,%edx
c010108d:	29 d0                	sub    %edx,%eax
c010108f:	83 c0 30             	add    $0x30,%eax
c0101092:	88 44 24 17          	mov    %al,0x17(%esp)
c0101096:	81 f9 ff e0 f5 05    	cmp    $0x5f5e0ff,%ecx
c010109c:	0f 86 a8 03 00 00    	jbe    c010144a <kprintf+0xbaa>
c01010a2:	8b 7c 24 04          	mov    0x4(%esp),%edi
c01010a6:	b8 cd cc cc cc       	mov    $0xcccccccd,%eax
c01010ab:	f7 e7                	mul    %edi
c01010ad:	89 d0                	mov    %edx,%eax
c01010af:	c1 e8 03             	shr    $0x3,%eax
c01010b2:	8d 14 80             	lea    (%eax,%eax,4),%edx
c01010b5:	89 f8                	mov    %edi,%eax
c01010b7:	01 d2                	add    %edx,%edx
c01010b9:	29 d0                	sub    %edx,%eax
c01010bb:	83 c0 30             	add    $0x30,%eax
c01010be:	88 44 24 18          	mov    %al,0x18(%esp)
c01010c2:	81 f9 ff c9 9a 3b    	cmp    $0x3b9ac9ff,%ecx
c01010c8:	0f 86 dd 03 00 00    	jbe    c01014ab <kprintf+0xc0b>
c01010ce:	89 f8                	mov    %edi,%eax
c01010d0:	ba cd cc cc cc       	mov    $0xcccccccd,%edx
c01010d5:	b9 05 00 00 00       	mov    $0x5,%ecx
c01010da:	c7 44 24 04 0a 00 00 	movl   $0xa,0x4(%esp)
c01010e1:	00 
c01010e2:	f7 e2                	mul    %edx
c01010e4:	89 d0                	mov    %edx,%eax
c01010e6:	c1 e8 03             	shr    $0x3,%eax
c01010e9:	83 c0 30             	add    $0x30,%eax
c01010ec:	88 44 24 10          	mov    %al,0x10(%esp)
c01010f0:	0f b6 44 24 0d       	movzbl 0xd(%esp),%eax
c01010f5:	88 44 24 19          	mov    %al,0x19(%esp)
c01010f9:	b8 09 00 00 00       	mov    $0x9,%eax
c01010fe:	0f b6 7c 24 11       	movzbl 0x11(%esp),%edi
c0101103:	0f b6 54 04 0f       	movzbl 0xf(%esp,%eax,1),%edx
c0101108:	88 54 24 11          	mov    %dl,0x11(%esp)
c010110c:	89 fa                	mov    %edi,%edx
c010110e:	88 54 04 0f          	mov    %dl,0xf(%esp,%eax,1)
c0101112:	0f b6 7c 24 12       	movzbl 0x12(%esp),%edi
c0101117:	0f b6 54 04 0e       	movzbl 0xe(%esp,%eax,1),%edx
c010111c:	88 54 24 12          	mov    %dl,0x12(%esp)
c0101120:	89 fa                	mov    %edi,%edx
c0101122:	88 54 04 0e          	mov    %dl,0xe(%esp,%eax,1)
c0101126:	83 f9 03             	cmp    $0x3,%ecx
c0101129:	0f 85 8d 04 00 00    	jne    c01015bc <kprintf+0xd1c>
c010112f:	3b 74 24 04          	cmp    0x4(%esp),%esi
c0101133:	0f 83 77 f8 ff ff    	jae    c01009b0 <kprintf+0x110>
c0101139:	e9 a1 f8 ff ff       	jmp    c01009df <kprintf+0x13f>
c010113e:	66 90                	xchg   %ax,%ax
c0101140:	0f b6 43 02          	movzbl 0x2(%ebx),%eax
c0101144:	83 44 24 08 04       	addl   $0x4,0x8(%esp)
c0101149:	83 c3 02             	add    $0x2,%ebx
c010114c:	03 6c 24 04          	add    0x4(%esp),%ebp
c0101150:	e9 5b f9 ff ff       	jmp    c0100ab0 <kprintf+0x210>
c0101155:	8b 44 24 04          	mov    0x4(%esp),%eax
c0101159:	85 c0                	test   %eax,%eax
c010115b:	0f 88 8f 04 00 00    	js     c01015f0 <kprintf+0xd50>
c0101161:	c7 44 24 04 05 00 00 	movl   $0x5,0x4(%esp)
c0101168:	00 
c0101169:	b8 04 00 00 00       	mov    $0x4,%eax
c010116e:	bf 02 00 00 00       	mov    $0x2,%edi
c0101173:	e9 b4 fb ff ff       	jmp    c0100d2c <kprintf+0x48c>
c0101178:	88 44 24 10          	mov    %al,0x10(%esp)
c010117c:	0f b6 44 24 0d       	movzbl 0xd(%esp),%eax
c0101181:	c7 44 24 04 05 00 00 	movl   $0x5,0x4(%esp)
c0101188:	00 
c0101189:	88 44 24 14          	mov    %al,0x14(%esp)
c010118d:	0f b6 44 24 0f       	movzbl 0xf(%esp),%eax
c0101192:	88 44 24 11          	mov    %al,0x11(%esp)
c0101196:	0f b6 44 24 0e       	movzbl 0xe(%esp),%eax
c010119b:	88 44 24 13          	mov    %al,0x13(%esp)
c010119f:	eb 8e                	jmp    c010112f <kprintf+0x88f>
c01011a1:	0f b6 44 24 04       	movzbl 0x4(%esp),%eax
c01011a6:	88 4c 24 10          	mov    %cl,0x10(%esp)
c01011aa:	c7 44 24 04 05 00 00 	movl   $0x5,0x4(%esp)
c01011b1:	00 
c01011b2:	88 44 24 14          	mov    %al,0x14(%esp)
c01011b6:	b8 04 00 00 00       	mov    $0x4,%eax
c01011bb:	0f b6 54 04 0f       	movzbl 0xf(%esp,%eax,1),%edx
c01011c0:	0f b6 4c 24 0d       	movzbl 0xd(%esp),%ecx
c01011c5:	88 54 24 11          	mov    %dl,0x11(%esp)
c01011c9:	88 4c 04 0f          	mov    %cl,0xf(%esp,%eax,1)
c01011cd:	e9 3e fd ff ff       	jmp    c0100f10 <kprintf+0x670>
c01011d2:	85 ff                	test   %edi,%edi
c01011d4:	0f 89 a1 f7 ff ff    	jns    c010097b <kprintf+0xdb>
c01011da:	c6 44 24 10 2d       	movb   $0x2d,0x10(%esp)
c01011df:	88 44 24 11          	mov    %al,0x11(%esp)
c01011e3:	c7 44 24 04 02 00 00 	movl   $0x2,0x4(%esp)
c01011ea:	00 
c01011eb:	e9 a5 fb ff ff       	jmp    c0100d95 <kprintf+0x4f5>
c01011f0:	0f b6 44 24 0d       	movzbl 0xd(%esp),%eax
c01011f5:	c6 44 24 10 2d       	movb   $0x2d,0x10(%esp)
c01011fa:	bf 05 00 00 00       	mov    $0x5,%edi
c01011ff:	c7 44 24 04 0b 00 00 	movl   $0xb,0x4(%esp)
c0101206:	00 
c0101207:	88 44 24 1a          	mov    %al,0x1a(%esp)
c010120b:	b8 0a 00 00 00       	mov    $0xa,%eax
c0101210:	e9 29 fb ff ff       	jmp    c0100d3e <kprintf+0x49e>
c0101215:	8b 44 24 04          	mov    0x4(%esp),%eax
c0101219:	85 c0                	test   %eax,%eax
c010121b:	0f 88 ae 02 00 00    	js     c01014cf <kprintf+0xc2f>
c0101221:	c7 44 24 04 02 00 00 	movl   $0x2,0x4(%esp)
c0101228:	00 
c0101229:	b8 01 00 00 00       	mov    $0x1,%eax
c010122e:	0f b6 54 04 10       	movzbl 0x10(%esp,%eax,1),%edx
c0101233:	0f b6 4c 24 0d       	movzbl 0xd(%esp),%ecx
c0101238:	88 54 24 10          	mov    %dl,0x10(%esp)
c010123c:	88 4c 04 10          	mov    %cl,0x10(%esp,%eax,1)
c0101240:	e9 50 fb ff ff       	jmp    c0100d95 <kprintf+0x4f5>
c0101245:	88 44 24 10          	mov    %al,0x10(%esp)
c0101249:	0f b6 44 24 0d       	movzbl 0xd(%esp),%eax
c010124e:	c7 44 24 04 02 00 00 	movl   $0x2,0x4(%esp)
c0101255:	00 
c0101256:	88 44 24 11          	mov    %al,0x11(%esp)
c010125a:	e9 d0 fe ff ff       	jmp    c010112f <kprintf+0x88f>
c010125f:	0f b6 44 24 0d       	movzbl 0xd(%esp),%eax
c0101264:	88 44 24 10          	mov    %al,0x10(%esp)
c0101268:	0f b6 44 24 04       	movzbl 0x4(%esp),%eax
c010126d:	c7 44 24 04 02 00 00 	movl   $0x2,0x4(%esp)
c0101274:	00 
c0101275:	88 44 24 11          	mov    %al,0x11(%esp)
c0101279:	e9 92 fc ff ff       	jmp    c0100f10 <kprintf+0x670>
c010127e:	c7 44 24 04 04 00 00 	movl   $0x4,0x4(%esp)
c0101285:	00 
c0101286:	b8 03 00 00 00       	mov    $0x3,%eax
c010128b:	b9 02 00 00 00       	mov    $0x2,%ecx
c0101290:	0f b6 54 04 10       	movzbl 0x10(%esp,%eax,1),%edx
c0101295:	88 54 24 10          	mov    %dl,0x10(%esp)
c0101299:	0f b6 54 24 0d       	movzbl 0xd(%esp),%edx
c010129e:	88 54 04 10          	mov    %dl,0x10(%esp,%eax,1)
c01012a2:	0f b6 54 04 0f       	movzbl 0xf(%esp,%eax,1),%edx
c01012a7:	0f b6 7c 24 11       	movzbl 0x11(%esp),%edi
c01012ac:	88 54 24 11          	mov    %dl,0x11(%esp)
c01012b0:	89 fa                	mov    %edi,%edx
c01012b2:	88 54 04 0f          	mov    %dl,0xf(%esp,%eax,1)
c01012b6:	83 f9 02             	cmp    $0x2,%ecx
c01012b9:	0f 84 70 fe ff ff    	je     c010112f <kprintf+0x88f>
c01012bf:	e9 4e fe ff ff       	jmp    c0101112 <kprintf+0x872>
c01012c4:	8d 74 26 00          	lea    0x0(%esi,%eiz,1),%esi
c01012c8:	8b 44 24 04          	mov    0x4(%esp),%eax
c01012cc:	85 c0                	test   %eax,%eax
c01012ce:	0f 88 b2 01 00 00    	js     c0101486 <kprintf+0xbe6>
c01012d4:	c7 44 24 04 03 00 00 	movl   $0x3,0x4(%esp)
c01012db:	00 
c01012dc:	b8 02 00 00 00       	mov    $0x2,%eax
c01012e1:	e9 48 ff ff ff       	jmp    c010122e <kprintf+0x98e>
c01012e6:	0f b6 44 24 04       	movzbl 0x4(%esp),%eax
c01012eb:	88 4c 24 10          	mov    %cl,0x10(%esp)
c01012ef:	c7 44 24 04 03 00 00 	movl   $0x3,0x4(%esp)
c01012f6:	00 
c01012f7:	88 44 24 12          	mov    %al,0x12(%esp)
c01012fb:	e9 10 fc ff ff       	jmp    c0100f10 <kprintf+0x670>
c0101300:	8b 44 24 04          	mov    0x4(%esp),%eax
c0101304:	85 c0                	test   %eax,%eax
c0101306:	0f 88 55 01 00 00    	js     c0101461 <kprintf+0xbc1>
c010130c:	c7 44 24 04 04 00 00 	movl   $0x4,0x4(%esp)
c0101313:	00 
c0101314:	b8 03 00 00 00       	mov    $0x3,%eax
c0101319:	bf 02 00 00 00       	mov    $0x2,%edi
c010131e:	e9 09 fa ff ff       	jmp    c0100d2c <kprintf+0x48c>
c0101323:	88 44 24 10          	mov    %al,0x10(%esp)
c0101327:	0f b6 44 24 0d       	movzbl 0xd(%esp),%eax
c010132c:	c7 44 24 04 03 00 00 	movl   $0x3,0x4(%esp)
c0101333:	00 
c0101334:	88 44 24 12          	mov    %al,0x12(%esp)
c0101338:	e9 f2 fd ff ff       	jmp    c010112f <kprintf+0x88f>
c010133d:	0f b6 44 24 04       	movzbl 0x4(%esp),%eax
c0101342:	88 4c 24 10          	mov    %cl,0x10(%esp)
c0101346:	c7 44 24 04 04 00 00 	movl   $0x4,0x4(%esp)
c010134d:	00 
c010134e:	88 44 24 13          	mov    %al,0x13(%esp)
c0101352:	b8 03 00 00 00       	mov    $0x3,%eax
c0101357:	e9 5f fe ff ff       	jmp    c01011bb <kprintf+0x91b>
c010135c:	88 44 24 10          	mov    %al,0x10(%esp)
c0101360:	0f b6 44 24 0d       	movzbl 0xd(%esp),%eax
c0101365:	b9 03 00 00 00       	mov    $0x3,%ecx
c010136a:	c7 44 24 04 07 00 00 	movl   $0x7,0x4(%esp)
c0101371:	00 
c0101372:	88 44 24 16          	mov    %al,0x16(%esp)
c0101376:	b8 06 00 00 00       	mov    $0x6,%eax
c010137b:	e9 7e fd ff ff       	jmp    c01010fe <kprintf+0x85e>
c0101380:	c7 44 24 04 06 00 00 	movl   $0x6,0x4(%esp)
c0101387:	00 
c0101388:	b8 05 00 00 00       	mov    $0x5,%eax
c010138d:	b9 03 00 00 00       	mov    $0x3,%ecx
c0101392:	e9 f9 fe ff ff       	jmp    c0101290 <kprintf+0x9f0>
c0101397:	31 c0                	xor    %eax,%eax
c0101399:	e9 c2 f5 ff ff       	jmp    c0100960 <kprintf+0xc0>
c010139e:	8b 7c 24 04          	mov    0x4(%esp),%edi
c01013a2:	85 ff                	test   %edi,%edi
c01013a4:	0f 88 ed 01 00 00    	js     c0101597 <kprintf+0xcf7>
c01013aa:	c7 44 24 04 07 00 00 	movl   $0x7,0x4(%esp)
c01013b1:	00 
c01013b2:	b8 06 00 00 00       	mov    $0x6,%eax
c01013b7:	bf 03 00 00 00       	mov    $0x3,%edi
c01013bc:	e9 6b f9 ff ff       	jmp    c0100d2c <kprintf+0x48c>
c01013c1:	8b 44 24 04          	mov    0x4(%esp),%eax
c01013c5:	85 c0                	test   %eax,%eax
c01013c7:	0f 88 a5 01 00 00    	js     c0101572 <kprintf+0xcd2>
c01013cd:	c7 44 24 04 06 00 00 	movl   $0x6,0x4(%esp)
c01013d4:	00 
c01013d5:	b8 05 00 00 00       	mov    $0x5,%eax
c01013da:	bf 03 00 00 00       	mov    $0x3,%edi
c01013df:	e9 48 f9 ff ff       	jmp    c0100d2c <kprintf+0x48c>
c01013e4:	89 f8                	mov    %edi,%eax
c01013e6:	88 44 24 10          	mov    %al,0x10(%esp)
c01013ea:	0f b6 44 24 04       	movzbl 0x4(%esp),%eax
c01013ef:	c7 44 24 04 07 00 00 	movl   $0x7,0x4(%esp)
c01013f6:	00 
c01013f7:	88 44 24 16          	mov    %al,0x16(%esp)
c01013fb:	b8 06 00 00 00       	mov    $0x6,%eax
c0101400:	0f b6 54 04 0f       	movzbl 0xf(%esp,%eax,1),%edx
c0101405:	0f b6 4c 24 0d       	movzbl 0xd(%esp),%ecx
c010140a:	88 54 24 11          	mov    %dl,0x11(%esp)
c010140e:	88 4c 04 0f          	mov    %cl,0xf(%esp,%eax,1)
c0101412:	0f b6 4c 04 0e       	movzbl 0xe(%esp,%eax,1),%ecx
c0101417:	0f b6 54 24 12       	movzbl 0x12(%esp),%edx
c010141c:	88 4c 24 12          	mov    %cl,0x12(%esp)
c0101420:	88 54 04 0e          	mov    %dl,0xe(%esp,%eax,1)
c0101424:	e9 e7 fa ff ff       	jmp    c0100f10 <kprintf+0x670>
c0101429:	0f b6 44 24 0f       	movzbl 0xf(%esp),%eax
c010142e:	88 44 24 10          	mov    %al,0x10(%esp)
c0101432:	0f b6 44 24 04       	movzbl 0x4(%esp),%eax
c0101437:	c7 44 24 04 06 00 00 	movl   $0x6,0x4(%esp)
c010143e:	00 
c010143f:	88 44 24 15          	mov    %al,0x15(%esp)
c0101443:	b8 05 00 00 00       	mov    $0x5,%eax
c0101448:	eb b6                	jmp    c0101400 <kprintf+0xb60>
c010144a:	c7 44 24 04 08 00 00 	movl   $0x8,0x4(%esp)
c0101451:	00 
c0101452:	b8 07 00 00 00       	mov    $0x7,%eax
c0101457:	b9 04 00 00 00       	mov    $0x4,%ecx
c010145c:	e9 2f fe ff ff       	jmp    c0101290 <kprintf+0x9f0>
c0101461:	0f b6 44 24 0d       	movzbl 0xd(%esp),%eax
c0101466:	c6 44 24 10 2d       	movb   $0x2d,0x10(%esp)
c010146b:	bf 02 00 00 00       	mov    $0x2,%edi
c0101470:	c7 44 24 04 05 00 00 	movl   $0x5,0x4(%esp)
c0101477:	00 
c0101478:	88 44 24 14          	mov    %al,0x14(%esp)
c010147c:	b8 04 00 00 00       	mov    $0x4,%eax
c0101481:	e9 b8 f8 ff ff       	jmp    c0100d3e <kprintf+0x49e>
c0101486:	0f b6 44 24 0d       	movzbl 0xd(%esp),%eax
c010148b:	c6 44 24 10 2d       	movb   $0x2d,0x10(%esp)
c0101490:	bf 02 00 00 00       	mov    $0x2,%edi
c0101495:	c7 44 24 04 04 00 00 	movl   $0x4,0x4(%esp)
c010149c:	00 
c010149d:	88 44 24 13          	mov    %al,0x13(%esp)
c01014a1:	b8 03 00 00 00       	mov    $0x3,%eax
c01014a6:	e9 93 f8 ff ff       	jmp    c0100d3e <kprintf+0x49e>
c01014ab:	88 44 24 10          	mov    %al,0x10(%esp)
c01014af:	0f b6 44 24 0d       	movzbl 0xd(%esp),%eax
c01014b4:	b9 04 00 00 00       	mov    $0x4,%ecx
c01014b9:	c7 44 24 04 09 00 00 	movl   $0x9,0x4(%esp)
c01014c0:	00 
c01014c1:	88 44 24 18          	mov    %al,0x18(%esp)
c01014c5:	b8 08 00 00 00       	mov    $0x8,%eax
c01014ca:	e9 2f fc ff ff       	jmp    c01010fe <kprintf+0x85e>
c01014cf:	0f b6 44 24 0d       	movzbl 0xd(%esp),%eax
c01014d4:	c6 44 24 10 2d       	movb   $0x2d,0x10(%esp)
c01014d9:	c7 44 24 04 03 00 00 	movl   $0x3,0x4(%esp)
c01014e0:	00 
c01014e1:	88 44 24 12          	mov    %al,0x12(%esp)
c01014e5:	e9 ab f8 ff ff       	jmp    c0100d95 <kprintf+0x4f5>
c01014ea:	8b 54 24 04          	mov    0x4(%esp),%edx
c01014ee:	85 d2                	test   %edx,%edx
c01014f0:	78 36                	js     c0101528 <kprintf+0xc88>
c01014f2:	c7 44 24 04 09 00 00 	movl   $0x9,0x4(%esp)
c01014f9:	00 
c01014fa:	b8 08 00 00 00       	mov    $0x8,%eax
c01014ff:	bf 04 00 00 00       	mov    $0x4,%edi
c0101504:	e9 23 f8 ff ff       	jmp    c0100d2c <kprintf+0x48c>
c0101509:	8b 4c 24 04          	mov    0x4(%esp),%ecx
c010150d:	85 c9                	test   %ecx,%ecx
c010150f:	78 3c                	js     c010154d <kprintf+0xcad>
c0101511:	c7 44 24 04 08 00 00 	movl   $0x8,0x4(%esp)
c0101518:	00 
c0101519:	b8 07 00 00 00       	mov    $0x7,%eax
c010151e:	bf 04 00 00 00       	mov    $0x4,%edi
c0101523:	e9 04 f8 ff ff       	jmp    c0100d2c <kprintf+0x48c>
c0101528:	0f b6 44 24 0d       	movzbl 0xd(%esp),%eax
c010152d:	c6 44 24 10 2d       	movb   $0x2d,0x10(%esp)
c0101532:	bf 05 00 00 00       	mov    $0x5,%edi
c0101537:	c7 44 24 04 0a 00 00 	movl   $0xa,0x4(%esp)
c010153e:	00 
c010153f:	88 44 24 19          	mov    %al,0x19(%esp)
c0101543:	b8 09 00 00 00       	mov    $0x9,%eax
c0101548:	e9 f1 f7 ff ff       	jmp    c0100d3e <kprintf+0x49e>
c010154d:	0f b6 44 24 0d       	movzbl 0xd(%esp),%eax
c0101552:	c6 44 24 10 2d       	movb   $0x2d,0x10(%esp)
c0101557:	bf 04 00 00 00       	mov    $0x4,%edi
c010155c:	c7 44 24 04 09 00 00 	movl   $0x9,0x4(%esp)
c0101563:	00 
c0101564:	88 44 24 18          	mov    %al,0x18(%esp)
c0101568:	b8 08 00 00 00       	mov    $0x8,%eax
c010156d:	e9 cc f7 ff ff       	jmp    c0100d3e <kprintf+0x49e>
c0101572:	0f b6 44 24 0d       	movzbl 0xd(%esp),%eax
c0101577:	c6 44 24 10 2d       	movb   $0x2d,0x10(%esp)
c010157c:	bf 03 00 00 00       	mov    $0x3,%edi
c0101581:	c7 44 24 04 07 00 00 	movl   $0x7,0x4(%esp)
c0101588:	00 
c0101589:	88 44 24 16          	mov    %al,0x16(%esp)
c010158d:	b8 06 00 00 00       	mov    $0x6,%eax
c0101592:	e9 a7 f7 ff ff       	jmp    c0100d3e <kprintf+0x49e>
c0101597:	0f b6 44 24 0d       	movzbl 0xd(%esp),%eax
c010159c:	c6 44 24 10 2d       	movb   $0x2d,0x10(%esp)
c01015a1:	bf 04 00 00 00       	mov    $0x4,%edi
c01015a6:	c7 44 24 04 08 00 00 	movl   $0x8,0x4(%esp)
c01015ad:	00 
c01015ae:	88 44 24 17          	mov    %al,0x17(%esp)
c01015b2:	b8 07 00 00 00       	mov    $0x7,%eax
c01015b7:	e9 82 f7 ff ff       	jmp    c0100d3e <kprintf+0x49e>
c01015bc:	0f b6 7c 24 13       	movzbl 0x13(%esp),%edi
c01015c1:	0f b6 54 04 0d       	movzbl 0xd(%esp,%eax,1),%edx
c01015c6:	88 54 24 13          	mov    %dl,0x13(%esp)
c01015ca:	89 fa                	mov    %edi,%edx
c01015cc:	88 54 04 0d          	mov    %dl,0xd(%esp,%eax,1)
c01015d0:	83 f9 05             	cmp    $0x5,%ecx
c01015d3:	0f 85 56 fb ff ff    	jne    c010112f <kprintf+0x88f>
c01015d9:	0f b6 54 24 14       	movzbl 0x14(%esp),%edx
c01015de:	0f b6 4c 04 0c       	movzbl 0xc(%esp,%eax,1),%ecx
c01015e3:	88 4c 24 14          	mov    %cl,0x14(%esp)
c01015e7:	88 54 04 0c          	mov    %dl,0xc(%esp,%eax,1)
c01015eb:	e9 3f fb ff ff       	jmp    c010112f <kprintf+0x88f>
c01015f0:	0f b6 44 24 0d       	movzbl 0xd(%esp),%eax
c01015f5:	c6 44 24 10 2d       	movb   $0x2d,0x10(%esp)
c01015fa:	bf 03 00 00 00       	mov    $0x3,%edi
c01015ff:	c7 44 24 04 06 00 00 	movl   $0x6,0x4(%esp)
c0101606:	00 
c0101607:	88 44 24 15          	mov    %al,0x15(%esp)
c010160b:	b8 05 00 00 00       	mov    $0x5,%eax
c0101610:	e9 29 f7 ff ff       	jmp    c0100d3e <kprintf+0x49e>
c0101615:	66 90                	xchg   %ax,%ax
c0101617:	66 90                	xchg   %ax,%ax
c0101619:	66 90                	xchg   %ax,%ax
c010161b:	66 90                	xchg   %ax,%ax
c010161d:	66 90                	xchg   %ax,%ax
c010161f:	90                   	nop

c0101620 <panic>:
c0101620:	fa                   	cli
c0101621:	f4                   	hlt
c0101622:	8d b6 00 00 00 00    	lea    0x0(%esi),%esi
c0101628:	2e 8d b4 26 00 00 00 	lea    %cs:0x0(%esi,%eiz,1),%esi
c010162f:	00 
c0101630:	eb fe                	jmp    c0101630 <panic+0x10>
c0101632:	66 90                	xchg   %ax,%ax
c0101634:	66 90                	xchg   %ax,%ax
c0101636:	66 90                	xchg   %ax,%ax
c0101638:	66 90                	xchg   %ax,%ax
c010163a:	66 90                	xchg   %ax,%ax
c010163c:	66 90                	xchg   %ax,%ax
c010163e:	66 90                	xchg   %ax,%ax

c0101640 <kputchar>:
c0101640:	83 ec 24             	sub    $0x24,%esp
c0101643:	0f b6 44 24 28       	movzbl 0x28(%esp),%eax
c0101648:	88 44 24 17          	mov    %al,0x17(%esp)
c010164c:	6a 01                	push   $0x1
c010164e:	8d 44 24 1b          	lea    0x1b(%esp),%eax
c0101652:	50                   	push   %eax
c0101653:	e8 08 ef ff ff       	call   c0100560 <terminalWrite>
c0101658:	8b 44 24 30          	mov    0x30(%esp),%eax
c010165c:	83 c4 2c             	add    $0x2c,%esp
c010165f:	c3                   	ret

c0101660 <strlen>:
c0101660:	8b 54 24 04          	mov    0x4(%esp),%edx
c0101664:	31 c0                	xor    %eax,%eax
c0101666:	80 3a 00             	cmpb   $0x0,(%edx)
c0101669:	74 15                	je     c0101680 <strlen+0x20>
c010166b:	2e 8d 74 26 00       	lea    %cs:0x0(%esi,%eiz,1),%esi
c0101670:	83 c0 01             	add    $0x1,%eax
c0101673:	80 3c 02 00          	cmpb   $0x0,(%edx,%eax,1)
c0101677:	75 f7                	jne    c0101670 <strlen+0x10>
c0101679:	c3                   	ret
c010167a:	8d b6 00 00 00 00    	lea    0x0(%esi),%esi
c0101680:	c3                   	ret
c0101681:	66 90                	xchg   %ax,%ax
c0101683:	66 90                	xchg   %ax,%ax
c0101685:	66 90                	xchg   %ax,%ax
c0101687:	66 90                	xchg   %ax,%ax
c0101689:	66 90                	xchg   %ax,%ax
c010168b:	66 90                	xchg   %ax,%ax
c010168d:	66 90                	xchg   %ax,%ax
c010168f:	90                   	nop

c0101690 <kfree>:
c0101690:	83 ec 0c             	sub    $0xc,%esp
c0101693:	8b 44 24 10          	mov    0x10(%esp),%eax
c0101697:	85 c0                	test   %eax,%eax
c0101699:	74 12                	je     c01016ad <kfree+0x1d>
c010169b:	8b 50 fc             	mov    -0x4(%eax),%edx
c010169e:	83 e2 03             	and    $0x3,%edx
c01016a1:	83 fa 01             	cmp    $0x1,%edx
c01016a4:	75 21                	jne    c01016c7 <kfree+0x37>
c01016a6:	8b 50 f8             	mov    -0x8(%eax),%edx
c01016a9:	85 d2                	test   %edx,%edx
c01016ab:	74 0b                	je     c01016b8 <kfree+0x28>
c01016ad:	83 c4 0c             	add    $0xc,%esp
c01016b0:	c3                   	ret
c01016b1:	8d b4 26 00 00 00 00 	lea    0x0(%esi,%eiz,1),%esi
c01016b8:	83 e8 0c             	sub    $0xc,%eax
c01016bb:	89 44 24 10          	mov    %eax,0x10(%esp)
c01016bf:	83 c4 0c             	add    $0xc,%esp
c01016c2:	e9 a9 07 00 00       	jmp    c0101e70 <slabFree>
c01016c7:	83 ec 0c             	sub    $0xc,%esp
c01016ca:	68 d8 40 10 c0       	push   $0xc01040d8
c01016cf:	e8 4c ff ff ff       	call   c0101620 <panic>
c01016d4:	66 90                	xchg   %ax,%ax
c01016d6:	66 90                	xchg   %ax,%ax
c01016d8:	66 90                	xchg   %ax,%ax
c01016da:	66 90                	xchg   %ax,%ax
c01016dc:	66 90                	xchg   %ax,%ax
c01016de:	66 90                	xchg   %ax,%ax

c01016e0 <kmalloc>:
c01016e0:	83 ec 1c             	sub    $0x1c,%esp
c01016e3:	8b 44 24 20          	mov    0x20(%esp),%eax
c01016e7:	8d 50 0c             	lea    0xc(%eax),%edx
c01016ea:	81 fa 00 10 00 00    	cmp    $0x1000,%edx
c01016f0:	77 36                	ja     c0101728 <kmalloc+0x48>
c01016f2:	83 ec 0c             	sub    $0xc,%esp
c01016f5:	52                   	push   %edx
c01016f6:	89 54 24 1c          	mov    %edx,0x1c(%esp)
c01016fa:	e8 71 06 00 00       	call   c0101d70 <slabAlloc>
c01016ff:	83 c4 10             	add    $0x10,%esp
c0101702:	85 c0                	test   %eax,%eax
c0101704:	74 18                	je     c010171e <kmalloc+0x3e>
c0101706:	8b 54 24 0c          	mov    0xc(%esp),%edx
c010170a:	c7 40 04 00 00 00 00 	movl   $0x0,0x4(%eax)
c0101711:	83 c0 0c             	add    $0xc,%eax
c0101714:	c7 40 fc 01 00 00 00 	movl   $0x1,-0x4(%eax)
c010171b:	89 50 f4             	mov    %edx,-0xc(%eax)
c010171e:	83 c4 1c             	add    $0x1c,%esp
c0101721:	c3                   	ret
c0101722:	8d b6 00 00 00 00    	lea    0x0(%esi),%esi
c0101728:	8d 90 0b 10 00 00    	lea    0x100b(%eax),%edx
c010172e:	83 ec 0c             	sub    $0xc,%esp
c0101731:	c1 ea 0c             	shr    $0xc,%edx
c0101734:	52                   	push   %edx
c0101735:	89 54 24 1c          	mov    %edx,0x1c(%esp)
c0101739:	e8 32 05 00 00       	call   c0101c70 <allocPages>
c010173e:	83 c4 10             	add    $0x10,%esp
c0101741:	85 c0                	test   %eax,%eax
c0101743:	74 d9                	je     c010171e <kmalloc+0x3e>
c0101745:	8b 54 24 0c          	mov    0xc(%esp),%edx
c0101749:	c7 40 04 01 00 00 00 	movl   $0x1,0x4(%eax)
c0101750:	83 c0 0c             	add    $0xc,%eax
c0101753:	c7 40 fc 01 00 00 00 	movl   $0x1,-0x4(%eax)
c010175a:	c1 e2 0c             	shl    $0xc,%edx
c010175d:	89 50 f4             	mov    %edx,-0xc(%eax)
c0101760:	83 c4 1c             	add    $0x1c,%esp
c0101763:	c3                   	ret
c0101764:	66 90                	xchg   %ax,%ax
c0101766:	66 90                	xchg   %ax,%ax
c0101768:	66 90                	xchg   %ax,%ax
c010176a:	66 90                	xchg   %ax,%ax
c010176c:	66 90                	xchg   %ax,%ax
c010176e:	66 90                	xchg   %ax,%ax

c0101770 <memset>:
c0101770:	83 ec 18             	sub    $0x18,%esp
c0101773:	89 7c 24 10          	mov    %edi,0x10(%esp)
c0101777:	8b 7c 24 24          	mov    0x24(%esp),%edi
c010177b:	89 5c 24 08          	mov    %ebx,0x8(%esp)
c010177f:	8b 5c 24 1c          	mov    0x1c(%esp),%ebx
c0101783:	89 74 24 0c          	mov    %esi,0xc(%esp)
c0101787:	8b 74 24 20          	mov    0x20(%esp),%esi
c010178b:	85 ff                	test   %edi,%edi
c010178d:	0f 84 f9 00 00 00    	je     c010188c <memset+0x11c>
c0101793:	8d 47 ff             	lea    -0x1(%edi),%eax
c0101796:	83 f8 05             	cmp    $0x5,%eax
c0101799:	0f 86 07 01 00 00    	jbe    c01018a6 <memset+0x136>
c010179f:	89 da                	mov    %ebx,%edx
c01017a1:	89 6c 24 14          	mov    %ebp,0x14(%esp)
c01017a5:	f7 da                	neg    %edx
c01017a7:	89 d0                	mov    %edx,%eax
c01017a9:	83 e0 03             	and    $0x3,%eax
c01017ac:	74 24                	je     c01017d2 <memset+0x62>
c01017ae:	89 f1                	mov    %esi,%ecx
c01017b0:	83 e2 02             	and    $0x2,%edx
c01017b3:	c7 44 24 04 01 00 00 	movl   $0x1,0x4(%esp)
c01017ba:	00 
c01017bb:	88 0b                	mov    %cl,(%ebx)
c01017bd:	74 17                	je     c01017d6 <memset+0x66>
c01017bf:	88 4b 01             	mov    %cl,0x1(%ebx)
c01017c2:	c7 44 24 04 02 00 00 	movl   $0x2,0x4(%esp)
c01017c9:	00 
c01017ca:	83 f8 03             	cmp    $0x3,%eax
c01017cd:	75 07                	jne    c01017d6 <memset+0x66>
c01017cf:	88 4b 02             	mov    %cl,0x2(%ebx)
c01017d2:	89 44 24 04          	mov    %eax,0x4(%esp)
c01017d6:	89 fa                	mov    %edi,%edx
c01017d8:	89 f1                	mov    %esi,%ecx
c01017da:	29 c2                	sub    %eax,%edx
c01017dc:	01 d8                	add    %ebx,%eax
c01017de:	89 14 24             	mov    %edx,(%esp)
c01017e1:	31 d2                	xor    %edx,%edx
c01017e3:	88 ca                	mov    %cl,%dl
c01017e5:	89 f1                	mov    %esi,%ecx
c01017e7:	88 ce                	mov    %cl,%dh
c01017e9:	0f b6 c9             	movzbl %cl,%ecx
c01017ec:	89 cd                	mov    %ecx,%ebp
c01017ee:	0f b7 d2             	movzwl %dx,%edx
c01017f1:	c1 e1 18             	shl    $0x18,%ecx
c01017f4:	c1 e5 10             	shl    $0x10,%ebp
c01017f7:	09 ea                	or     %ebp,%edx
c01017f9:	09 ca                	or     %ecx,%edx
c01017fb:	8b 0c 24             	mov    (%esp),%ecx
c01017fe:	83 e1 fc             	and    $0xfffffffc,%ecx
c0101801:	8d 2c 08             	lea    (%eax,%ecx,1),%ebp
c0101804:	f6 c1 04             	test   $0x4,%cl
c0101807:	74 17                	je     c0101820 <memset+0xb0>
c0101809:	89 10                	mov    %edx,(%eax)
c010180b:	83 c0 04             	add    $0x4,%eax
c010180e:	39 c5                	cmp    %eax,%ebp
c0101810:	74 1a                	je     c010182c <memset+0xbc>
c0101812:	8d b6 00 00 00 00    	lea    0x0(%esi),%esi
c0101818:	2e 8d b4 26 00 00 00 	lea    %cs:0x0(%esi,%eiz,1),%esi
c010181f:	00 
c0101820:	89 10                	mov    %edx,(%eax)
c0101822:	83 c0 08             	add    $0x8,%eax
c0101825:	89 50 fc             	mov    %edx,-0x4(%eax)
c0101828:	39 c5                	cmp    %eax,%ebp
c010182a:	75 f4                	jne    c0101820 <memset+0xb0>
c010182c:	3b 0c 24             	cmp    (%esp),%ecx
c010182f:	74 6f                	je     c01018a0 <memset+0x130>
c0101831:	8b 6c 24 14          	mov    0x14(%esp),%ebp
c0101835:	03 4c 24 04          	add    0x4(%esp),%ecx
c0101839:	89 f0                	mov    %esi,%eax
c010183b:	88 04 0b             	mov    %al,(%ebx,%ecx,1)
c010183e:	8d 41 01             	lea    0x1(%ecx),%eax
c0101841:	39 f8                	cmp    %edi,%eax
c0101843:	73 47                	jae    c010188c <memset+0x11c>
c0101845:	89 f0                	mov    %esi,%eax
c0101847:	88 44 0b 01          	mov    %al,0x1(%ebx,%ecx,1)
c010184b:	8d 41 02             	lea    0x2(%ecx),%eax
c010184e:	39 f8                	cmp    %edi,%eax
c0101850:	73 3a                	jae    c010188c <memset+0x11c>
c0101852:	89 f0                	mov    %esi,%eax
c0101854:	88 44 0b 02          	mov    %al,0x2(%ebx,%ecx,1)
c0101858:	8d 41 03             	lea    0x3(%ecx),%eax
c010185b:	39 f8                	cmp    %edi,%eax
c010185d:	73 2d                	jae    c010188c <memset+0x11c>
c010185f:	89 f0                	mov    %esi,%eax
c0101861:	88 44 0b 03          	mov    %al,0x3(%ebx,%ecx,1)
c0101865:	8d 41 04             	lea    0x4(%ecx),%eax
c0101868:	39 f8                	cmp    %edi,%eax
c010186a:	73 20                	jae    c010188c <memset+0x11c>
c010186c:	89 f0                	mov    %esi,%eax
c010186e:	88 44 0b 04          	mov    %al,0x4(%ebx,%ecx,1)
c0101872:	8d 41 05             	lea    0x5(%ecx),%eax
c0101875:	39 f8                	cmp    %edi,%eax
c0101877:	73 13                	jae    c010188c <memset+0x11c>
c0101879:	89 f0                	mov    %esi,%eax
c010187b:	88 44 0b 05          	mov    %al,0x5(%ebx,%ecx,1)
c010187f:	8d 41 06             	lea    0x6(%ecx),%eax
c0101882:	39 f8                	cmp    %edi,%eax
c0101884:	73 06                	jae    c010188c <memset+0x11c>
c0101886:	89 f0                	mov    %esi,%eax
c0101888:	88 44 0b 06          	mov    %al,0x6(%ebx,%ecx,1)
c010188c:	89 d8                	mov    %ebx,%eax
c010188e:	8b 74 24 0c          	mov    0xc(%esp),%esi
c0101892:	8b 5c 24 08          	mov    0x8(%esp),%ebx
c0101896:	8b 7c 24 10          	mov    0x10(%esp),%edi
c010189a:	83 c4 18             	add    $0x18,%esp
c010189d:	c3                   	ret
c010189e:	66 90                	xchg   %ax,%ax
c01018a0:	8b 6c 24 14          	mov    0x14(%esp),%ebp
c01018a4:	eb e6                	jmp    c010188c <memset+0x11c>
c01018a6:	31 c9                	xor    %ecx,%ecx
c01018a8:	eb 8f                	jmp    c0101839 <memset+0xc9>
c01018aa:	66 90                	xchg   %ax,%ax
c01018ac:	66 90                	xchg   %ax,%ax
c01018ae:	66 90                	xchg   %ax,%ax

c01018b0 <memmove>:
c01018b0:	83 ec 1c             	sub    $0x1c,%esp
c01018b3:	8b 54 24 24          	mov    0x24(%esp),%edx
c01018b7:	8b 44 24 28          	mov    0x28(%esp),%eax
c01018bb:	89 74 24 10          	mov    %esi,0x10(%esp)
c01018bf:	8b 74 24 20          	mov    0x20(%esp),%esi
c01018c3:	39 d6                	cmp    %edx,%esi
c01018c5:	72 29                	jb     c01018f0 <memmove+0x40>
c01018c7:	85 c0                	test   %eax,%eax
c01018c9:	74 11                	je     c01018dc <memmove+0x2c>
c01018cb:	2e 8d 74 26 00       	lea    %cs:0x0(%esi,%eiz,1),%esi
c01018d0:	83 e8 01             	sub    $0x1,%eax
c01018d3:	0f b6 0c 02          	movzbl (%edx,%eax,1),%ecx
c01018d7:	88 0c 06             	mov    %cl,(%esi,%eax,1)
c01018da:	75 f4                	jne    c01018d0 <memmove+0x20>
c01018dc:	89 f0                	mov    %esi,%eax
c01018de:	8b 74 24 10          	mov    0x10(%esp),%esi
c01018e2:	83 c4 1c             	add    $0x1c,%esp
c01018e5:	c3                   	ret
c01018e6:	66 90                	xchg   %ax,%ax
c01018e8:	2e 8d b4 26 00 00 00 	lea    %cs:0x0(%esi,%eiz,1),%esi
c01018ef:	00 
c01018f0:	85 c0                	test   %eax,%eax
c01018f2:	74 e8                	je     c01018dc <memmove+0x2c>
c01018f4:	8d 48 ff             	lea    -0x1(%eax),%ecx
c01018f7:	89 5c 24 0c          	mov    %ebx,0xc(%esp)
c01018fb:	83 f9 06             	cmp    $0x6,%ecx
c01018fe:	0f 86 3c 01 00 00    	jbe    c0101a40 <memmove+0x190>
c0101904:	89 d1                	mov    %edx,%ecx
c0101906:	31 f1                	xor    %esi,%ecx
c0101908:	83 e1 03             	and    $0x3,%ecx
c010190b:	0f 85 2f 01 00 00    	jne    c0101a40 <memmove+0x190>
c0101911:	89 f1                	mov    %esi,%ecx
c0101913:	29 d1                	sub    %edx,%ecx
c0101915:	83 e9 01             	sub    $0x1,%ecx
c0101918:	83 f9 02             	cmp    $0x2,%ecx
c010191b:	0f 86 1f 01 00 00    	jbe    c0101a40 <memmove+0x190>
c0101921:	89 7c 24 14          	mov    %edi,0x14(%esp)
c0101925:	89 d7                	mov    %edx,%edi
c0101927:	f7 df                	neg    %edi
c0101929:	89 6c 24 18          	mov    %ebp,0x18(%esp)
c010192d:	89 fb                	mov    %edi,%ebx
c010192f:	83 e3 03             	and    $0x3,%ebx
c0101932:	74 2b                	je     c010195f <memmove+0xaf>
c0101934:	0f b6 0a             	movzbl (%edx),%ecx
c0101937:	83 e7 02             	and    $0x2,%edi
c010193a:	c7 04 24 01 00 00 00 	movl   $0x1,(%esp)
c0101941:	88 0e                	mov    %cl,(%esi)
c0101943:	74 1d                	je     c0101962 <memmove+0xb2>
c0101945:	0f b6 4a 01          	movzbl 0x1(%edx),%ecx
c0101949:	c7 04 24 02 00 00 00 	movl   $0x2,(%esp)
c0101950:	88 4e 01             	mov    %cl,0x1(%esi)
c0101953:	83 fb 03             	cmp    $0x3,%ebx
c0101956:	75 0a                	jne    c0101962 <memmove+0xb2>
c0101958:	0f b6 4a 02          	movzbl 0x2(%edx),%ecx
c010195c:	88 4e 02             	mov    %cl,0x2(%esi)
c010195f:	89 1c 24             	mov    %ebx,(%esp)
c0101962:	89 c7                	mov    %eax,%edi
c0101964:	8d 0c 1a             	lea    (%edx,%ebx,1),%ecx
c0101967:	29 df                	sub    %ebx,%edi
c0101969:	01 f3                	add    %esi,%ebx
c010196b:	89 7c 24 04          	mov    %edi,0x4(%esp)
c010196f:	83 e7 fc             	and    $0xfffffffc,%edi
c0101972:	89 7c 24 08          	mov    %edi,0x8(%esp)
c0101976:	01 cf                	add    %ecx,%edi
c0101978:	2e 8d b4 26 00 00 00 	lea    %cs:0x0(%esi,%eiz,1),%esi
c010197f:	00 
c0101980:	8b 29                	mov    (%ecx),%ebp
c0101982:	83 c1 04             	add    $0x4,%ecx
c0101985:	83 c3 04             	add    $0x4,%ebx
c0101988:	89 6b fc             	mov    %ebp,-0x4(%ebx)
c010198b:	39 f9                	cmp    %edi,%ecx
c010198d:	75 f1                	jne    c0101980 <memmove+0xd0>
c010198f:	8b 7c 24 08          	mov    0x8(%esp),%edi
c0101993:	39 7c 24 04          	cmp    %edi,0x4(%esp)
c0101997:	0f 84 83 00 00 00    	je     c0101a20 <memmove+0x170>
c010199d:	8b 1c 24             	mov    (%esp),%ebx
c01019a0:	01 fb                	add    %edi,%ebx
c01019a2:	0f b6 0c 1a          	movzbl (%edx,%ebx,1),%ecx
c01019a6:	88 0c 1e             	mov    %cl,(%esi,%ebx,1)
c01019a9:	8d 4b 01             	lea    0x1(%ebx),%ecx
c01019ac:	39 c1                	cmp    %eax,%ecx
c01019ae:	73 70                	jae    c0101a20 <memmove+0x170>
c01019b0:	0f b6 4c 1a 01       	movzbl 0x1(%edx,%ebx,1),%ecx
c01019b5:	88 4c 1e 01          	mov    %cl,0x1(%esi,%ebx,1)
c01019b9:	8d 4b 02             	lea    0x2(%ebx),%ecx
c01019bc:	39 c1                	cmp    %eax,%ecx
c01019be:	73 60                	jae    c0101a20 <memmove+0x170>
c01019c0:	0f b6 4c 1a 02       	movzbl 0x2(%edx,%ebx,1),%ecx
c01019c5:	88 4c 1e 02          	mov    %cl,0x2(%esi,%ebx,1)
c01019c9:	8d 4b 03             	lea    0x3(%ebx),%ecx
c01019cc:	39 c1                	cmp    %eax,%ecx
c01019ce:	73 50                	jae    c0101a20 <memmove+0x170>
c01019d0:	0f b6 4c 1a 03       	movzbl 0x3(%edx,%ebx,1),%ecx
c01019d5:	88 4c 1e 03          	mov    %cl,0x3(%esi,%ebx,1)
c01019d9:	8d 4b 04             	lea    0x4(%ebx),%ecx
c01019dc:	39 c1                	cmp    %eax,%ecx
c01019de:	73 40                	jae    c0101a20 <memmove+0x170>
c01019e0:	0f b6 4c 1a 04       	movzbl 0x4(%edx,%ebx,1),%ecx
c01019e5:	88 4c 1e 04          	mov    %cl,0x4(%esi,%ebx,1)
c01019e9:	8d 4b 05             	lea    0x5(%ebx),%ecx
c01019ec:	39 c1                	cmp    %eax,%ecx
c01019ee:	73 30                	jae    c0101a20 <memmove+0x170>
c01019f0:	0f b6 4c 1a 05       	movzbl 0x5(%edx,%ebx,1),%ecx
c01019f5:	88 4c 1e 05          	mov    %cl,0x5(%esi,%ebx,1)
c01019f9:	8d 4b 06             	lea    0x6(%ebx),%ecx
c01019fc:	39 c1                	cmp    %eax,%ecx
c01019fe:	73 20                	jae    c0101a20 <memmove+0x170>
c0101a00:	0f b6 44 1a 06       	movzbl 0x6(%edx,%ebx,1),%eax
c0101a05:	88 44 1e 06          	mov    %al,0x6(%esi,%ebx,1)
c0101a09:	89 f0                	mov    %esi,%eax
c0101a0b:	8b 5c 24 0c          	mov    0xc(%esp),%ebx
c0101a0f:	8b 7c 24 14          	mov    0x14(%esp),%edi
c0101a13:	8b 6c 24 18          	mov    0x18(%esp),%ebp
c0101a17:	8b 74 24 10          	mov    0x10(%esp),%esi
c0101a1b:	83 c4 1c             	add    $0x1c,%esp
c0101a1e:	c3                   	ret
c0101a1f:	90                   	nop
c0101a20:	89 f0                	mov    %esi,%eax
c0101a22:	8b 5c 24 0c          	mov    0xc(%esp),%ebx
c0101a26:	8b 7c 24 14          	mov    0x14(%esp),%edi
c0101a2a:	8b 6c 24 18          	mov    0x18(%esp),%ebp
c0101a2e:	8b 74 24 10          	mov    0x10(%esp),%esi
c0101a32:	83 c4 1c             	add    $0x1c,%esp
c0101a35:	c3                   	ret
c0101a36:	66 90                	xchg   %ax,%ax
c0101a38:	2e 8d b4 26 00 00 00 	lea    %cs:0x0(%esi,%eiz,1),%esi
c0101a3f:	00 
c0101a40:	89 f3                	mov    %esi,%ebx
c0101a42:	01 d0                	add    %edx,%eax
c0101a44:	8d 74 26 00          	lea    0x0(%esi,%eiz,1),%esi
c0101a48:	2e 8d b4 26 00 00 00 	lea    %cs:0x0(%esi,%eiz,1),%esi
c0101a4f:	00 
c0101a50:	0f b6 0a             	movzbl (%edx),%ecx
c0101a53:	83 c2 01             	add    $0x1,%edx
c0101a56:	83 c3 01             	add    $0x1,%ebx
c0101a59:	88 4b ff             	mov    %cl,-0x1(%ebx)
c0101a5c:	39 c2                	cmp    %eax,%edx
c0101a5e:	75 f0                	jne    c0101a50 <memmove+0x1a0>
c0101a60:	8b 5c 24 0c          	mov    0xc(%esp),%ebx
c0101a64:	e9 73 fe ff ff       	jmp    c01018dc <memmove+0x2c>
c0101a69:	66 90                	xchg   %ax,%ax
c0101a6b:	66 90                	xchg   %ax,%ax
c0101a6d:	66 90                	xchg   %ax,%ax
c0101a6f:	90                   	nop

c0101a70 <heapInit>:
c0101a70:	53                   	push   %ebx
c0101a71:	83 ec 18             	sub    $0x18,%esp
c0101a74:	89 e3                	mov    %esp,%ebx
c0101a76:	83 ec 08             	sub    $0x8,%esp
c0101a79:	6a 08                	push   $0x8
c0101a7b:	53                   	push   %ebx
c0101a7c:	e8 7f 04 00 00       	call   c0101f00 <cacheCreate>
c0101a81:	8b 44 24 0c          	mov    0xc(%esp),%eax
c0101a85:	83 ec 0c             	sub    $0xc,%esp
c0101a88:	a3 c4 80 10 c0       	mov    %eax,0xc01080c4
c0101a8d:	8b 44 24 1c          	mov    0x1c(%esp),%eax
c0101a91:	a3 c8 80 10 c0       	mov    %eax,0xc01080c8
c0101a96:	8b 44 24 20          	mov    0x20(%esp),%eax
c0101a9a:	a3 cc 80 10 c0       	mov    %eax,0xc01080cc
c0101a9f:	8b 44 24 24          	mov    0x24(%esp),%eax
c0101aa3:	6a 10                	push   $0x10
c0101aa5:	53                   	push   %ebx
c0101aa6:	a3 d0 80 10 c0       	mov    %eax,0xc01080d0
c0101aab:	e8 50 04 00 00       	call   c0101f00 <cacheCreate>
c0101ab0:	8b 44 24 1c          	mov    0x1c(%esp),%eax
c0101ab4:	c7 04 24 20 00 00 00 	movl   $0x20,(%esp)
c0101abb:	a3 b4 80 10 c0       	mov    %eax,0xc01080b4
c0101ac0:	8b 44 24 20          	mov    0x20(%esp),%eax
c0101ac4:	a3 b8 80 10 c0       	mov    %eax,0xc01080b8
c0101ac9:	8b 44 24 24          	mov    0x24(%esp),%eax
c0101acd:	a3 bc 80 10 c0       	mov    %eax,0xc01080bc
c0101ad2:	8b 44 24 28          	mov    0x28(%esp),%eax
c0101ad6:	53                   	push   %ebx
c0101ad7:	a3 c0 80 10 c0       	mov    %eax,0xc01080c0
c0101adc:	e8 1f 04 00 00       	call   c0101f00 <cacheCreate>
c0101ae1:	8b 44 24 1c          	mov    0x1c(%esp),%eax
c0101ae5:	c7 04 24 40 00 00 00 	movl   $0x40,(%esp)
c0101aec:	a3 a4 80 10 c0       	mov    %eax,0xc01080a4
c0101af1:	8b 44 24 20          	mov    0x20(%esp),%eax
c0101af5:	a3 a8 80 10 c0       	mov    %eax,0xc01080a8
c0101afa:	8b 44 24 24          	mov    0x24(%esp),%eax
c0101afe:	a3 ac 80 10 c0       	mov    %eax,0xc01080ac
c0101b03:	8b 44 24 28          	mov    0x28(%esp),%eax
c0101b07:	53                   	push   %ebx
c0101b08:	a3 b0 80 10 c0       	mov    %eax,0xc01080b0
c0101b0d:	e8 ee 03 00 00       	call   c0101f00 <cacheCreate>
c0101b12:	8b 44 24 1c          	mov    0x1c(%esp),%eax
c0101b16:	c7 04 24 80 00 00 00 	movl   $0x80,(%esp)
c0101b1d:	a3 94 80 10 c0       	mov    %eax,0xc0108094
c0101b22:	8b 44 24 20          	mov    0x20(%esp),%eax
c0101b26:	a3 98 80 10 c0       	mov    %eax,0xc0108098
c0101b2b:	8b 44 24 24          	mov    0x24(%esp),%eax
c0101b2f:	a3 9c 80 10 c0       	mov    %eax,0xc010809c
c0101b34:	8b 44 24 28          	mov    0x28(%esp),%eax
c0101b38:	53                   	push   %ebx
c0101b39:	a3 a0 80 10 c0       	mov    %eax,0xc01080a0
c0101b3e:	e8 bd 03 00 00       	call   c0101f00 <cacheCreate>
c0101b43:	8b 44 24 1c          	mov    0x1c(%esp),%eax
c0101b47:	c7 04 24 00 01 00 00 	movl   $0x100,(%esp)
c0101b4e:	a3 84 80 10 c0       	mov    %eax,0xc0108084
c0101b53:	8b 44 24 20          	mov    0x20(%esp),%eax
c0101b57:	a3 88 80 10 c0       	mov    %eax,0xc0108088
c0101b5c:	8b 44 24 24          	mov    0x24(%esp),%eax
c0101b60:	a3 8c 80 10 c0       	mov    %eax,0xc010808c
c0101b65:	8b 44 24 28          	mov    0x28(%esp),%eax
c0101b69:	53                   	push   %ebx
c0101b6a:	a3 90 80 10 c0       	mov    %eax,0xc0108090
c0101b6f:	e8 8c 03 00 00       	call   c0101f00 <cacheCreate>
c0101b74:	8b 44 24 1c          	mov    0x1c(%esp),%eax
c0101b78:	c7 04 24 00 02 00 00 	movl   $0x200,(%esp)
c0101b7f:	a3 74 80 10 c0       	mov    %eax,0xc0108074
c0101b84:	8b 44 24 20          	mov    0x20(%esp),%eax
c0101b88:	a3 78 80 10 c0       	mov    %eax,0xc0108078
c0101b8d:	8b 44 24 24          	mov    0x24(%esp),%eax
c0101b91:	a3 7c 80 10 c0       	mov    %eax,0xc010807c
c0101b96:	8b 44 24 28          	mov    0x28(%esp),%eax
c0101b9a:	53                   	push   %ebx
c0101b9b:	a3 80 80 10 c0       	mov    %eax,0xc0108080
c0101ba0:	e8 5b 03 00 00       	call   c0101f00 <cacheCreate>
c0101ba5:	8b 44 24 1c          	mov    0x1c(%esp),%eax
c0101ba9:	c7 04 24 00 04 00 00 	movl   $0x400,(%esp)
c0101bb0:	a3 64 80 10 c0       	mov    %eax,0xc0108064
c0101bb5:	8b 44 24 20          	mov    0x20(%esp),%eax
c0101bb9:	a3 68 80 10 c0       	mov    %eax,0xc0108068
c0101bbe:	8b 44 24 24          	mov    0x24(%esp),%eax
c0101bc2:	a3 6c 80 10 c0       	mov    %eax,0xc010806c
c0101bc7:	8b 44 24 28          	mov    0x28(%esp),%eax
c0101bcb:	53                   	push   %ebx
c0101bcc:	a3 70 80 10 c0       	mov    %eax,0xc0108070
c0101bd1:	e8 2a 03 00 00       	call   c0101f00 <cacheCreate>
c0101bd6:	8b 44 24 1c          	mov    0x1c(%esp),%eax
c0101bda:	c7 04 24 00 08 00 00 	movl   $0x800,(%esp)
c0101be1:	a3 54 80 10 c0       	mov    %eax,0xc0108054
c0101be6:	8b 44 24 20          	mov    0x20(%esp),%eax
c0101bea:	a3 58 80 10 c0       	mov    %eax,0xc0108058
c0101bef:	8b 44 24 24          	mov    0x24(%esp),%eax
c0101bf3:	a3 5c 80 10 c0       	mov    %eax,0xc010805c
c0101bf8:	8b 44 24 28          	mov    0x28(%esp),%eax
c0101bfc:	53                   	push   %ebx
c0101bfd:	a3 60 80 10 c0       	mov    %eax,0xc0108060
c0101c02:	e8 f9 02 00 00       	call   c0101f00 <cacheCreate>
c0101c07:	8b 44 24 1c          	mov    0x1c(%esp),%eax
c0101c0b:	c7 04 24 00 10 00 00 	movl   $0x1000,(%esp)
c0101c12:	a3 44 80 10 c0       	mov    %eax,0xc0108044
c0101c17:	8b 44 24 20          	mov    0x20(%esp),%eax
c0101c1b:	a3 48 80 10 c0       	mov    %eax,0xc0108048
c0101c20:	8b 44 24 24          	mov    0x24(%esp),%eax
c0101c24:	a3 4c 80 10 c0       	mov    %eax,0xc010804c
c0101c29:	8b 44 24 28          	mov    0x28(%esp),%eax
c0101c2d:	53                   	push   %ebx
c0101c2e:	a3 50 80 10 c0       	mov    %eax,0xc0108050
c0101c33:	e8 c8 02 00 00       	call   c0101f00 <cacheCreate>
c0101c38:	8b 44 24 1c          	mov    0x1c(%esp),%eax
c0101c3c:	a3 34 80 10 c0       	mov    %eax,0xc0108034
c0101c41:	8b 44 24 20          	mov    0x20(%esp),%eax
c0101c45:	a3 38 80 10 c0       	mov    %eax,0xc0108038
c0101c4a:	8b 44 24 24          	mov    0x24(%esp),%eax
c0101c4e:	a3 3c 80 10 c0       	mov    %eax,0xc010803c
c0101c53:	8b 44 24 28          	mov    0x28(%esp),%eax
c0101c57:	a3 40 80 10 c0       	mov    %eax,0xc0108040
c0101c5c:	83 c4 34             	add    $0x34,%esp
c0101c5f:	5b                   	pop    %ebx
c0101c60:	c3                   	ret
c0101c61:	8d b4 26 00 00 00 00 	lea    0x0(%esi,%eiz,1),%esi
c0101c68:	2e 8d b4 26 00 00 00 	lea    %cs:0x0(%esi,%eiz,1),%esi
c0101c6f:	00 

c0101c70 <allocPages>:
c0101c70:	83 ec 2c             	sub    $0x2c,%esp
c0101c73:	89 74 24 20          	mov    %esi,0x20(%esp)
c0101c77:	8b 74 24 30          	mov    0x30(%esp),%esi
c0101c7b:	89 7c 24 24          	mov    %edi,0x24(%esp)
c0101c7f:	8b 3d 00 70 10 c0    	mov    0xc0107000,%edi
c0101c85:	89 f0                	mov    %esi,%eax
c0101c87:	c1 e0 0c             	shl    $0xc,%eax
c0101c8a:	89 44 24 0c          	mov    %eax,0xc(%esp)
c0101c8e:	01 f8                	add    %edi,%eax
c0101c90:	3d 00 00 00 c2       	cmp    $0xc2000000,%eax
c0101c95:	77 69                	ja     c0101d00 <allocPages+0x90>
c0101c97:	85 f6                	test   %esi,%esi
c0101c99:	74 48                	je     c0101ce3 <allocPages+0x73>
c0101c9b:	89 5c 24 1c          	mov    %ebx,0x1c(%esp)
c0101c9f:	89 fb                	mov    %edi,%ebx
c0101ca1:	89 6c 24 28          	mov    %ebp,0x28(%esp)
c0101ca5:	31 ed                	xor    %ebp,%ebp
c0101ca7:	90                   	nop
c0101ca8:	2e 8d b4 26 00 00 00 	lea    %cs:0x0(%esi,%eiz,1),%esi
c0101caf:	00 
c0101cb0:	e8 8b 11 00 00       	call   c0102e40 <kallocFrame>
c0101cb5:	83 ec 04             	sub    $0x4,%esp
c0101cb8:	83 c5 01             	add    $0x1,%ebp
c0101cbb:	6a 02                	push   $0x2
c0101cbd:	50                   	push   %eax
c0101cbe:	53                   	push   %ebx
c0101cbf:	81 c3 00 10 00 00    	add    $0x1000,%ebx
c0101cc5:	e8 16 15 00 00       	call   c01031e0 <mapPage>
c0101cca:	83 c4 10             	add    $0x10,%esp
c0101ccd:	39 ee                	cmp    %ebp,%esi
c0101ccf:	75 df                	jne    c0101cb0 <allocPages+0x40>
c0101cd1:	8b 5c 24 1c          	mov    0x1c(%esp),%ebx
c0101cd5:	8b 6c 24 28          	mov    0x28(%esp),%ebp
c0101cd9:	8b 44 24 0c          	mov    0xc(%esp),%eax
c0101cdd:	03 05 00 70 10 c0    	add    0xc0107000,%eax
c0101ce3:	a3 00 70 10 c0       	mov    %eax,0xc0107000
c0101ce8:	8b 74 24 20          	mov    0x20(%esp),%esi
c0101cec:	89 f8                	mov    %edi,%eax
c0101cee:	8b 7c 24 24          	mov    0x24(%esp),%edi
c0101cf2:	83 c4 2c             	add    $0x2c,%esp
c0101cf5:	c3                   	ret
c0101cf6:	66 90                	xchg   %ax,%ax
c0101cf8:	2e 8d b4 26 00 00 00 	lea    %cs:0x0(%esi,%eiz,1),%esi
c0101cff:	00 
c0101d00:	8b 74 24 20          	mov    0x20(%esp),%esi
c0101d04:	8b 7c 24 24          	mov    0x24(%esp),%edi
c0101d08:	31 c0                	xor    %eax,%eax
c0101d0a:	83 c4 2c             	add    $0x2c,%esp
c0101d0d:	c3                   	ret
c0101d0e:	66 90                	xchg   %ax,%ax

c0101d10 <freePages>:
c0101d10:	83 ec 0c             	sub    $0xc,%esp
c0101d13:	89 7c 24 08          	mov    %edi,0x8(%esp)
c0101d17:	8b 7c 24 14          	mov    0x14(%esp),%edi
c0101d1b:	85 ff                	test   %edi,%edi
c0101d1d:	74 41                	je     c0101d60 <freePages+0x50>
c0101d1f:	89 1c 24             	mov    %ebx,(%esp)
c0101d22:	8b 5c 24 10          	mov    0x10(%esp),%ebx
c0101d26:	89 74 24 04          	mov    %esi,0x4(%esp)
c0101d2a:	31 f6                	xor    %esi,%esi
c0101d2c:	8d 74 26 00          	lea    0x0(%esi,%eiz,1),%esi
c0101d30:	83 ec 0c             	sub    $0xc,%esp
c0101d33:	83 c6 01             	add    $0x1,%esi
c0101d36:	53                   	push   %ebx
c0101d37:	e8 74 15 00 00       	call   c01032b0 <getPhysicalAddress>
c0101d3c:	89 04 24             	mov    %eax,(%esp)
c0101d3f:	e8 bc 11 00 00       	call   c0102f00 <kfreeFrame>
c0101d44:	89 1c 24             	mov    %ebx,(%esp)
c0101d47:	81 c3 00 10 00 00    	add    $0x1000,%ebx
c0101d4d:	e8 2e 15 00 00       	call   c0103280 <unmapPage>
c0101d52:	83 c4 10             	add    $0x10,%esp
c0101d55:	39 f7                	cmp    %esi,%edi
c0101d57:	75 d7                	jne    c0101d30 <freePages+0x20>
c0101d59:	8b 1c 24             	mov    (%esp),%ebx
c0101d5c:	8b 74 24 04          	mov    0x4(%esp),%esi
c0101d60:	8b 7c 24 08          	mov    0x8(%esp),%edi
c0101d64:	83 c4 0c             	add    $0xc,%esp
c0101d67:	c3                   	ret
c0101d68:	2e 8d b4 26 00 00 00 	lea    %cs:0x0(%esi,%eiz,1),%esi
c0101d6f:	00 

c0101d70 <slabAlloc>:
c0101d70:	8b 44 24 04          	mov    0x4(%esp),%eax
c0101d74:	83 f8 08             	cmp    $0x8,%eax
c0101d77:	76 4f                	jbe    c0101dc8 <slabAlloc+0x58>
c0101d79:	83 f8 10             	cmp    $0x10,%eax
c0101d7c:	76 6a                	jbe    c0101de8 <slabAlloc+0x78>
c0101d7e:	83 f8 20             	cmp    $0x20,%eax
c0101d81:	76 75                	jbe    c0101df8 <slabAlloc+0x88>
c0101d83:	83 f8 40             	cmp    $0x40,%eax
c0101d86:	76 50                	jbe    c0101dd8 <slabAlloc+0x68>
c0101d88:	3d 80 00 00 00       	cmp    $0x80,%eax
c0101d8d:	76 79                	jbe    c0101e08 <slabAlloc+0x98>
c0101d8f:	3d 00 01 00 00       	cmp    $0x100,%eax
c0101d94:	0f 86 7e 00 00 00    	jbe    c0101e18 <slabAlloc+0xa8>
c0101d9a:	3d 00 02 00 00       	cmp    $0x200,%eax
c0101d9f:	0f 86 83 00 00 00    	jbe    c0101e28 <slabAlloc+0xb8>
c0101da5:	3d 00 04 00 00       	cmp    $0x400,%eax
c0101daa:	0f 86 98 00 00 00    	jbe    c0101e48 <slabAlloc+0xd8>
c0101db0:	3d 00 08 00 00       	cmp    $0x800,%eax
c0101db5:	0f 86 9d 00 00 00    	jbe    c0101e58 <slabAlloc+0xe8>
c0101dbb:	3d 00 10 00 00       	cmp    $0x1000,%eax
c0101dc0:	76 76                	jbe    c0101e38 <slabAlloc+0xc8>
c0101dc2:	31 c0                	xor    %eax,%eax
c0101dc4:	c3                   	ret
c0101dc5:	8d 76 00             	lea    0x0(%esi),%esi
c0101dc8:	c7 44 24 04 c4 80 10 	movl   $0xc01080c4,0x4(%esp)
c0101dcf:	c0 
c0101dd0:	e9 5b 01 00 00       	jmp    c0101f30 <cacheAlloc>
c0101dd5:	8d 76 00             	lea    0x0(%esi),%esi
c0101dd8:	c7 44 24 04 94 80 10 	movl   $0xc0108094,0x4(%esp)
c0101ddf:	c0 
c0101de0:	e9 4b 01 00 00       	jmp    c0101f30 <cacheAlloc>
c0101de5:	8d 76 00             	lea    0x0(%esi),%esi
c0101de8:	c7 44 24 04 b4 80 10 	movl   $0xc01080b4,0x4(%esp)
c0101def:	c0 
c0101df0:	e9 3b 01 00 00       	jmp    c0101f30 <cacheAlloc>
c0101df5:	8d 76 00             	lea    0x0(%esi),%esi
c0101df8:	c7 44 24 04 a4 80 10 	movl   $0xc01080a4,0x4(%esp)
c0101dff:	c0 
c0101e00:	e9 2b 01 00 00       	jmp    c0101f30 <cacheAlloc>
c0101e05:	8d 76 00             	lea    0x0(%esi),%esi
c0101e08:	c7 44 24 04 84 80 10 	movl   $0xc0108084,0x4(%esp)
c0101e0f:	c0 
c0101e10:	e9 1b 01 00 00       	jmp    c0101f30 <cacheAlloc>
c0101e15:	8d 76 00             	lea    0x0(%esi),%esi
c0101e18:	c7 44 24 04 74 80 10 	movl   $0xc0108074,0x4(%esp)
c0101e1f:	c0 
c0101e20:	e9 0b 01 00 00       	jmp    c0101f30 <cacheAlloc>
c0101e25:	8d 76 00             	lea    0x0(%esi),%esi
c0101e28:	c7 44 24 04 64 80 10 	movl   $0xc0108064,0x4(%esp)
c0101e2f:	c0 
c0101e30:	e9 fb 00 00 00       	jmp    c0101f30 <cacheAlloc>
c0101e35:	8d 76 00             	lea    0x0(%esi),%esi
c0101e38:	c7 44 24 04 34 80 10 	movl   $0xc0108034,0x4(%esp)
c0101e3f:	c0 
c0101e40:	e9 eb 00 00 00       	jmp    c0101f30 <cacheAlloc>
c0101e45:	8d 76 00             	lea    0x0(%esi),%esi
c0101e48:	c7 44 24 04 54 80 10 	movl   $0xc0108054,0x4(%esp)
c0101e4f:	c0 
c0101e50:	e9 db 00 00 00       	jmp    c0101f30 <cacheAlloc>
c0101e55:	8d 76 00             	lea    0x0(%esi),%esi
c0101e58:	c7 44 24 04 44 80 10 	movl   $0xc0108044,0x4(%esp)
c0101e5f:	c0 
c0101e60:	e9 cb 00 00 00       	jmp    c0101f30 <cacheAlloc>
c0101e65:	8d 76 00             	lea    0x0(%esi),%esi
c0101e68:	2e 8d b4 26 00 00 00 	lea    %cs:0x0(%esi,%eiz,1),%esi
c0101e6f:	00 

c0101e70 <slabFree>:
c0101e70:	53                   	push   %ebx
c0101e71:	83 ec 10             	sub    $0x10,%esp
c0101e74:	8b 5c 24 18          	mov    0x18(%esp),%ebx
c0101e78:	53                   	push   %ebx
c0101e79:	68 c4 80 10 c0       	push   $0xc01080c4
c0101e7e:	e8 2d 02 00 00       	call   c01020b0 <cacheFree>
c0101e83:	58                   	pop    %eax
c0101e84:	5a                   	pop    %edx
c0101e85:	53                   	push   %ebx
c0101e86:	68 b4 80 10 c0       	push   $0xc01080b4
c0101e8b:	e8 20 02 00 00       	call   c01020b0 <cacheFree>
c0101e90:	59                   	pop    %ecx
c0101e91:	58                   	pop    %eax
c0101e92:	53                   	push   %ebx
c0101e93:	68 a4 80 10 c0       	push   $0xc01080a4
c0101e98:	e8 13 02 00 00       	call   c01020b0 <cacheFree>
c0101e9d:	58                   	pop    %eax
c0101e9e:	5a                   	pop    %edx
c0101e9f:	53                   	push   %ebx
c0101ea0:	68 94 80 10 c0       	push   $0xc0108094
c0101ea5:	e8 06 02 00 00       	call   c01020b0 <cacheFree>
c0101eaa:	59                   	pop    %ecx
c0101eab:	58                   	pop    %eax
c0101eac:	53                   	push   %ebx
c0101ead:	68 84 80 10 c0       	push   $0xc0108084
c0101eb2:	e8 f9 01 00 00       	call   c01020b0 <cacheFree>
c0101eb7:	58                   	pop    %eax
c0101eb8:	5a                   	pop    %edx
c0101eb9:	53                   	push   %ebx
c0101eba:	68 74 80 10 c0       	push   $0xc0108074
c0101ebf:	e8 ec 01 00 00       	call   c01020b0 <cacheFree>
c0101ec4:	59                   	pop    %ecx
c0101ec5:	58                   	pop    %eax
c0101ec6:	53                   	push   %ebx
c0101ec7:	68 64 80 10 c0       	push   $0xc0108064
c0101ecc:	e8 df 01 00 00       	call   c01020b0 <cacheFree>
c0101ed1:	58                   	pop    %eax
c0101ed2:	5a                   	pop    %edx
c0101ed3:	53                   	push   %ebx
c0101ed4:	68 54 80 10 c0       	push   $0xc0108054
c0101ed9:	e8 d2 01 00 00       	call   c01020b0 <cacheFree>
c0101ede:	59                   	pop    %ecx
c0101edf:	58                   	pop    %eax
c0101ee0:	53                   	push   %ebx
c0101ee1:	68 44 80 10 c0       	push   $0xc0108044
c0101ee6:	e8 c5 01 00 00       	call   c01020b0 <cacheFree>
c0101eeb:	58                   	pop    %eax
c0101eec:	5a                   	pop    %edx
c0101eed:	53                   	push   %ebx
c0101eee:	68 34 80 10 c0       	push   $0xc0108034
c0101ef3:	e8 b8 01 00 00       	call   c01020b0 <cacheFree>
c0101ef8:	83 c4 18             	add    $0x18,%esp
c0101efb:	5b                   	pop    %ebx
c0101efc:	c3                   	ret
c0101efd:	66 90                	xchg   %ax,%ax
c0101eff:	90                   	nop

c0101f00 <cacheCreate>:
c0101f00:	8b 44 24 04          	mov    0x4(%esp),%eax
c0101f04:	8b 54 24 08          	mov    0x8(%esp),%edx
c0101f08:	c7 00 00 00 00 00    	movl   $0x0,(%eax)
c0101f0e:	c7 40 04 00 00 00 00 	movl   $0x0,0x4(%eax)
c0101f15:	c7 40 08 00 00 00 00 	movl   $0x0,0x8(%eax)
c0101f1c:	89 50 0c             	mov    %edx,0xc(%eax)
c0101f1f:	c2 04 00             	ret    $0x4
c0101f22:	8d b6 00 00 00 00    	lea    0x0(%esi),%esi
c0101f28:	2e 8d b4 26 00 00 00 	lea    %cs:0x0(%esi,%eiz,1),%esi
c0101f2f:	00 

c0101f30 <cacheAlloc>:
c0101f30:	83 ec 2c             	sub    $0x2c,%esp
c0101f33:	89 5c 24 1c          	mov    %ebx,0x1c(%esp)
c0101f37:	8b 5c 24 30          	mov    0x30(%esp),%ebx
c0101f3b:	89 74 24 20          	mov    %esi,0x20(%esp)
c0101f3f:	8b 4b 04             	mov    0x4(%ebx),%ecx
c0101f42:	89 7c 24 24          	mov    %edi,0x24(%esp)
c0101f46:	85 c9                	test   %ecx,%ecx
c0101f48:	74 5e                	je     c0101fa8 <cacheAlloc+0x78>
c0101f4a:	8b 41 10             	mov    0x10(%ecx),%eax
c0101f4d:	8b 79 14             	mov    0x14(%ecx),%edi
c0101f50:	8d 50 01             	lea    0x1(%eax),%edx
c0101f53:	8b 41 0c             	mov    0xc(%ecx),%eax
c0101f56:	8b 37                	mov    (%edi),%esi
c0101f58:	89 51 10             	mov    %edx,0x10(%ecx)
c0101f5b:	89 71 14             	mov    %esi,0x14(%ecx)
c0101f5e:	39 c2                	cmp    %eax,%edx
c0101f60:	74 16                	je     c0101f78 <cacheAlloc+0x48>
c0101f62:	89 f8                	mov    %edi,%eax
c0101f64:	8b 5c 24 1c          	mov    0x1c(%esp),%ebx
c0101f68:	8b 74 24 20          	mov    0x20(%esp),%esi
c0101f6c:	8b 7c 24 24          	mov    0x24(%esp),%edi
c0101f70:	83 c4 2c             	add    $0x2c,%esp
c0101f73:	c3                   	ret
c0101f74:	8d 74 26 00          	lea    0x0(%esi,%eiz,1),%esi
c0101f78:	8b 43 04             	mov    0x4(%ebx),%eax
c0101f7b:	85 c0                	test   %eax,%eax
c0101f7d:	75 17                	jne    c0101f96 <cacheAlloc+0x66>
c0101f7f:	eb 19                	jmp    c0101f9a <cacheAlloc+0x6a>
c0101f81:	8d b4 26 00 00 00 00 	lea    0x0(%esi,%eiz,1),%esi
c0101f88:	2e 8d b4 26 00 00 00 	lea    %cs:0x0(%esi,%eiz,1),%esi
c0101f8f:	00 
c0101f90:	8b 00                	mov    (%eax),%eax
c0101f92:	85 c0                	test   %eax,%eax
c0101f94:	74 04                	je     c0101f9a <cacheAlloc+0x6a>
c0101f96:	39 c1                	cmp    %eax,%ecx
c0101f98:	75 f6                	jne    c0101f90 <cacheAlloc+0x60>
c0101f9a:	8b 03                	mov    (%ebx),%eax
c0101f9c:	89 01                	mov    %eax,(%ecx)
c0101f9e:	89 0b                	mov    %ecx,(%ebx)
c0101fa0:	eb c0                	jmp    c0101f62 <cacheAlloc+0x32>
c0101fa2:	8d b6 00 00 00 00    	lea    0x0(%esi),%esi
c0101fa8:	8b 73 08             	mov    0x8(%ebx),%esi
c0101fab:	89 6c 24 28          	mov    %ebp,0x28(%esp)
c0101faf:	85 f6                	test   %esi,%esi
c0101fb1:	74 25                	je     c0101fd8 <cacheAlloc+0xa8>
c0101fb3:	8b 06                	mov    (%esi),%eax
c0101fb5:	8b 7e 14             	mov    0x14(%esi),%edi
c0101fb8:	31 ed                	xor    %ebp,%ebp
c0101fba:	89 f1                	mov    %esi,%ecx
c0101fbc:	89 43 08             	mov    %eax,0x8(%ebx)
c0101fbf:	8b 46 10             	mov    0x10(%esi),%eax
c0101fc2:	8d 50 01             	lea    0x1(%eax),%edx
c0101fc5:	8b 46 0c             	mov    0xc(%esi),%eax
c0101fc8:	89 29                	mov    %ebp,(%ecx)
c0101fca:	8b 6c 24 28          	mov    0x28(%esp),%ebp
c0101fce:	89 4b 04             	mov    %ecx,0x4(%ebx)
c0101fd1:	eb 83                	jmp    c0101f56 <cacheAlloc+0x26>
c0101fd3:	2e 8d 74 26 00       	lea    %cs:0x0(%esi,%eiz,1),%esi
c0101fd8:	83 ec 0c             	sub    $0xc,%esp
c0101fdb:	8b 6b 0c             	mov    0xc(%ebx),%ebp
c0101fde:	6a 01                	push   $0x1
c0101fe0:	e8 8b fc ff ff       	call   c0101c70 <allocPages>
c0101fe5:	89 44 24 14          	mov    %eax,0x14(%esp)
c0101fe9:	89 c7                	mov    %eax,%edi
c0101feb:	83 c4 10             	add    $0x10,%esp
c0101fee:	85 c0                	test   %eax,%eax
c0101ff0:	0f 84 89 01 00 00    	je     c010217f <cacheAlloc.cold>
c0101ff6:	83 ec 0c             	sub    $0xc,%esp
c0101ff9:	6a 01                	push   $0x1
c0101ffb:	e8 70 fc ff ff       	call   c0101c70 <allocPages>
c0102000:	31 d2                	xor    %edx,%edx
c0102002:	c7 00 00 00 00 00    	movl   $0x0,(%eax)
c0102008:	89 c1                	mov    %eax,%ecx
c010200a:	89 78 04             	mov    %edi,0x4(%eax)
c010200d:	89 68 08             	mov    %ebp,0x8(%eax)
c0102010:	b8 00 10 00 00       	mov    $0x1000,%eax
c0102015:	f7 f5                	div    %ebp
c0102017:	c7 41 10 00 00 00 00 	movl   $0x0,0x10(%ecx)
c010201e:	c7 41 14 00 00 00 00 	movl   $0x0,0x14(%ecx)
c0102025:	89 44 24 10          	mov    %eax,0x10(%esp)
c0102029:	83 c4 10             	add    $0x10,%esp
c010202c:	89 41 0c             	mov    %eax,0xc(%ecx)
c010202f:	81 fd 00 10 00 00    	cmp    $0x1000,%ebp
c0102035:	77 53                	ja     c010208a <cacheAlloc+0x15a>
c0102037:	89 44 24 0c          	mov    %eax,0xc(%esp)
c010203b:	89 fa                	mov    %edi,%edx
c010203d:	31 ff                	xor    %edi,%edi
c010203f:	89 4c 24 08          	mov    %ecx,0x8(%esp)
c0102043:	89 e9                	mov    %ebp,%ecx
c0102045:	89 5c 24 30          	mov    %ebx,0x30(%esp)
c0102049:	89 c3                	mov    %eax,%ebx
c010204b:	2e 8d 74 26 00       	lea    %cs:0x0(%esi,%eiz,1),%esi
c0102050:	89 f0                	mov    %esi,%eax
c0102052:	83 c7 01             	add    $0x1,%edi
c0102055:	89 d6                	mov    %edx,%esi
c0102057:	89 02                	mov    %eax,(%edx)
c0102059:	01 ca                	add    %ecx,%edx
c010205b:	39 df                	cmp    %ebx,%edi
c010205d:	72 f1                	jb     c0102050 <cacheAlloc+0x120>
c010205f:	8b 14 24             	mov    (%esp),%edx
c0102062:	8b 4c 24 08          	mov    0x8(%esp),%ecx
c0102066:	8b 5c 24 30          	mov    0x30(%esp),%ebx
c010206a:	8b 7c 24 04          	mov    0x4(%esp),%edi
c010206e:	83 ea 01             	sub    $0x1,%edx
c0102071:	89 71 14             	mov    %esi,0x14(%ecx)
c0102074:	8b 44 24 0c          	mov    0xc(%esp),%eax
c0102078:	0f af d5             	imul   %ebp,%edx
c010207b:	8b 6b 04             	mov    0x4(%ebx),%ebp
c010207e:	01 d7                	add    %edx,%edi
c0102080:	ba 01 00 00 00       	mov    $0x1,%edx
c0102085:	e9 3e ff ff ff       	jmp    c0101fc8 <cacheAlloc+0x98>
c010208a:	8b 43 04             	mov    0x4(%ebx),%eax
c010208d:	8b 6c 24 28          	mov    0x28(%esp),%ebp
c0102091:	31 ff                	xor    %edi,%edi
c0102093:	89 01                	mov    %eax,(%ecx)
c0102095:	89 4b 04             	mov    %ecx,0x4(%ebx)
c0102098:	a1 00 00 00 00       	mov    0x0,%eax
c010209d:	c7 41 10 01 00 00 00 	movl   $0x1,0x10(%ecx)
c01020a4:	89 41 14             	mov    %eax,0x14(%ecx)
c01020a7:	e9 b6 fe ff ff       	jmp    c0101f62 <cacheAlloc+0x32>
c01020ac:	8d 74 26 00          	lea    0x0(%esi,%eiz,1),%esi

c01020b0 <cacheFree>:
c01020b0:	56                   	push   %esi
c01020b1:	53                   	push   %ebx
c01020b2:	8b 74 24 0c          	mov    0xc(%esp),%esi
c01020b6:	8b 5c 24 10          	mov    0x10(%esp),%ebx
c01020ba:	8b 46 04             	mov    0x4(%esi),%eax
c01020bd:	85 c0                	test   %eax,%eax
c01020bf:	75 25                	jne    c01020e6 <cacheFree+0x36>
c01020c1:	e9 8a 00 00 00       	jmp    c0102150 <cacheFree+0xa0>
c01020c6:	eb 18                	jmp    c01020e0 <cacheFree+0x30>
c01020c8:	2e 8d b4 26 00 00 00 	lea    %cs:0x0(%esi,%eiz,1),%esi
c01020cf:	00 
c01020d0:	2e 8d b4 26 00 00 00 	lea    %cs:0x0(%esi,%eiz,1),%esi
c01020d7:	00 
c01020d8:	2e 8d b4 26 00 00 00 	lea    %cs:0x0(%esi,%eiz,1),%esi
c01020df:	00 
c01020e0:	8b 00                	mov    (%eax),%eax
c01020e2:	85 c0                	test   %eax,%eax
c01020e4:	74 6a                	je     c0102150 <cacheFree+0xa0>
c01020e6:	8b 50 0c             	mov    0xc(%eax),%edx
c01020e9:	0f af 50 08          	imul   0x8(%eax),%edx
c01020ed:	8b 48 04             	mov    0x4(%eax),%ecx
c01020f0:	01 ca                	add    %ecx,%edx
c01020f2:	39 d3                	cmp    %edx,%ebx
c01020f4:	73 ea                	jae    c01020e0 <cacheFree+0x30>
c01020f6:	39 cb                	cmp    %ecx,%ebx
c01020f8:	72 e6                	jb     c01020e0 <cacheFree+0x30>
c01020fa:	8b 50 14             	mov    0x14(%eax),%edx
c01020fd:	89 13                	mov    %edx,(%ebx)
c01020ff:	8b 50 10             	mov    0x10(%eax),%edx
c0102102:	89 58 14             	mov    %ebx,0x14(%eax)
c0102105:	8d 4a ff             	lea    -0x1(%edx),%ecx
c0102108:	89 48 10             	mov    %ecx,0x10(%eax)
c010210b:	3b 50 0c             	cmp    0xc(%eax),%edx
c010210e:	74 08                	je     c0102118 <cacheFree+0x68>
c0102110:	5b                   	pop    %ebx
c0102111:	5e                   	pop    %esi
c0102112:	c3                   	ret
c0102113:	2e 8d 74 26 00       	lea    %cs:0x0(%esi,%eiz,1),%esi
c0102118:	8b 16                	mov    (%esi),%edx
c010211a:	85 d2                	test   %edx,%edx
c010211c:	74 22                	je     c0102140 <cacheFree+0x90>
c010211e:	89 f1                	mov    %esi,%ecx
c0102120:	eb 16                	jmp    c0102138 <cacheFree+0x88>
c0102122:	8d b6 00 00 00 00    	lea    0x0(%esi),%esi
c0102128:	2e 8d b4 26 00 00 00 	lea    %cs:0x0(%esi,%eiz,1),%esi
c010212f:	00 
c0102130:	89 d1                	mov    %edx,%ecx
c0102132:	8b 12                	mov    (%edx),%edx
c0102134:	85 d2                	test   %edx,%edx
c0102136:	74 08                	je     c0102140 <cacheFree+0x90>
c0102138:	39 d0                	cmp    %edx,%eax
c010213a:	75 f4                	jne    c0102130 <cacheFree+0x80>
c010213c:	8b 10                	mov    (%eax),%edx
c010213e:	89 11                	mov    %edx,(%ecx)
c0102140:	8b 56 04             	mov    0x4(%esi),%edx
c0102143:	89 10                	mov    %edx,(%eax)
c0102145:	89 46 04             	mov    %eax,0x4(%esi)
c0102148:	5b                   	pop    %ebx
c0102149:	5e                   	pop    %esi
c010214a:	c3                   	ret
c010214b:	2e 8d 74 26 00       	lea    %cs:0x0(%esi,%eiz,1),%esi
c0102150:	8b 06                	mov    (%esi),%eax
c0102152:	85 c0                	test   %eax,%eax
c0102154:	75 10                	jne    c0102166 <cacheFree+0xb6>
c0102156:	eb b8                	jmp    c0102110 <cacheFree+0x60>
c0102158:	2e 8d b4 26 00 00 00 	lea    %cs:0x0(%esi,%eiz,1),%esi
c010215f:	00 
c0102160:	8b 00                	mov    (%eax),%eax
c0102162:	85 c0                	test   %eax,%eax
c0102164:	74 aa                	je     c0102110 <cacheFree+0x60>
c0102166:	8b 50 0c             	mov    0xc(%eax),%edx
c0102169:	0f af 50 08          	imul   0x8(%eax),%edx
c010216d:	8b 48 04             	mov    0x4(%eax),%ecx
c0102170:	01 ca                	add    %ecx,%edx
c0102172:	39 d3                	cmp    %edx,%ebx
c0102174:	73 ea                	jae    c0102160 <cacheFree+0xb0>
c0102176:	39 cb                	cmp    %ecx,%ebx
c0102178:	72 e6                	jb     c0102160 <cacheFree+0xb0>
c010217a:	e9 7b ff ff ff       	jmp    c01020fa <cacheFree+0x4a>

c010217f <cacheAlloc.cold>:
c010217f:	8b 43 04             	mov    0x4(%ebx),%eax
c0102182:	a3 00 00 00 00       	mov    %eax,0x0
c0102187:	0f 0b                	ud2
c0102189:	66 90                	xchg   %ax,%ax
c010218b:	66 90                	xchg   %ax,%ax
c010218d:	66 90                	xchg   %ax,%ax
c010218f:	90                   	nop

c0102190 <createThread>:
c0102190:	56                   	push   %esi
c0102191:	53                   	push   %ebx
c0102192:	83 ec 10             	sub    $0x10,%esp
c0102195:	8b 74 24 20          	mov    0x20(%esp),%esi
c0102199:	6a 1c                	push   $0x1c
c010219b:	e8 40 f5 ff ff       	call   c01016e0 <kmalloc>
c01021a0:	83 c4 10             	add    $0x10,%esp
c01021a3:	89 c3                	mov    %eax,%ebx
c01021a5:	85 c0                	test   %eax,%eax
c01021a7:	74 42                	je     c01021eb <createThread+0x5b>
c01021a9:	a1 04 70 10 c0       	mov    0xc0107004,%eax
c01021ae:	83 ec 0c             	sub    $0xc,%esp
c01021b1:	c6 43 14 01          	movb   $0x1,0x14(%ebx)
c01021b5:	89 73 08             	mov    %esi,0x8(%ebx)
c01021b8:	89 03                	mov    %eax,(%ebx)
c01021ba:	8d 50 01             	lea    0x1(%eax),%edx
c01021bd:	8b 44 24 1c          	mov    0x1c(%esp),%eax
c01021c1:	89 15 04 70 10 c0    	mov    %edx,0xc0107004
c01021c7:	89 43 10             	mov    %eax,0x10(%ebx)
c01021ca:	56                   	push   %esi
c01021cb:	e8 10 f5 ff ff       	call   c01016e0 <kmalloc>
c01021d0:	83 c4 10             	add    $0x10,%esp
c01021d3:	89 43 04             	mov    %eax,0x4(%ebx)
c01021d6:	85 c0                	test   %eax,%eax
c01021d8:	74 1e                	je     c01021f8 <createThread+0x68>
c01021da:	83 ec 0c             	sub    $0xc,%esp
c01021dd:	01 f0                	add    %esi,%eax
c01021df:	89 43 0c             	mov    %eax,0xc(%ebx)
c01021e2:	53                   	push   %ebx
c01021e3:	e8 58 11 00 00       	call   c0103340 <kalThreadSetupStack>
c01021e8:	83 c4 10             	add    $0x10,%esp
c01021eb:	83 c4 04             	add    $0x4,%esp
c01021ee:	89 d8                	mov    %ebx,%eax
c01021f0:	5b                   	pop    %ebx
c01021f1:	5e                   	pop    %esi
c01021f2:	c3                   	ret
c01021f3:	2e 8d 74 26 00       	lea    %cs:0x0(%esi,%eiz,1),%esi
c01021f8:	83 ec 0c             	sub    $0xc,%esp
c01021fb:	53                   	push   %ebx
c01021fc:	31 db                	xor    %ebx,%ebx
c01021fe:	e8 8d f4 ff ff       	call   c0101690 <kfree>
c0102203:	83 c4 10             	add    $0x10,%esp
c0102206:	eb e3                	jmp    c01021eb <createThread+0x5b>
c0102208:	66 90                	xchg   %ax,%ax
c010220a:	66 90                	xchg   %ax,%ax
c010220c:	66 90                	xchg   %ax,%ax
c010220e:	66 90                	xchg   %ax,%ax

c0102210 <schedulerInit>:
c0102210:	c7 05 d4 80 10 c0 00 	movl   $0x0,0xc01080d4
c0102217:	00 00 00 
c010221a:	c6 05 e8 80 10 c0 01 	movb   $0x1,0xc01080e8
c0102221:	c7 05 ec 80 10 c0 d4 	movl   $0xc01080d4,0xc01080ec
c0102228:	80 10 c0 
c010222b:	c7 05 f0 80 10 c0 d4 	movl   $0xc01080d4,0xc01080f0
c0102232:	80 10 c0 
c0102235:	c3                   	ret
c0102236:	66 90                	xchg   %ax,%ax
c0102238:	2e 8d b4 26 00 00 00 	lea    %cs:0x0(%esi,%eiz,1),%esi
c010223f:	00 

c0102240 <schedulerAddThread>:
c0102240:	a1 f0 80 10 c0       	mov    0xc01080f0,%eax
c0102245:	8b 54 24 04          	mov    0x4(%esp),%edx
c0102249:	8b 48 18             	mov    0x18(%eax),%ecx
c010224c:	89 4a 18             	mov    %ecx,0x18(%edx)
c010224f:	89 50 18             	mov    %edx,0x18(%eax)
c0102252:	c3                   	ret
c0102253:	2e 8d 74 26 00       	lea    %cs:0x0(%esi,%eiz,1),%esi
c0102258:	2e 8d b4 26 00 00 00 	lea    %cs:0x0(%esi,%eiz,1),%esi
c010225f:	00 

c0102260 <schedulerYield>:
c0102260:	8b 15 f0 80 10 c0    	mov    0xc01080f0,%edx
c0102266:	8b 42 18             	mov    0x18(%edx),%eax
c0102269:	80 78 14 02          	cmpb   $0x2,0x14(%eax)
c010226d:	74 1a                	je     c0102289 <schedulerYield+0x29>
c010226f:	eb 1f                	jmp    c0102290 <schedulerYield+0x30>
c0102271:	8d b4 26 00 00 00 00 	lea    0x0(%esi,%eiz,1),%esi
c0102278:	2e 8d b4 26 00 00 00 	lea    %cs:0x0(%esi,%eiz,1),%esi
c010227f:	00 
c0102280:	8b 40 18             	mov    0x18(%eax),%eax
c0102283:	80 78 14 02          	cmpb   $0x2,0x14(%eax)
c0102287:	75 07                	jne    c0102290 <schedulerYield+0x30>
c0102289:	39 c2                	cmp    %eax,%edx
c010228b:	75 f3                	jne    c0102280 <schedulerYield+0x20>
c010228d:	c3                   	ret
c010228e:	66 90                	xchg   %ax,%ax
c0102290:	39 c2                	cmp    %eax,%edx
c0102292:	74 13                	je     c01022a7 <schedulerYield+0x47>
c0102294:	83 ec 14             	sub    $0x14,%esp
c0102297:	a3 f0 80 10 c0       	mov    %eax,0xc01080f0
c010229c:	50                   	push   %eax
c010229d:	52                   	push   %edx
c010229e:	e8 ce 10 00 00       	call   c0103371 <threadSwitch>
c01022a3:	83 c4 1c             	add    $0x1c,%esp
c01022a6:	c3                   	ret
c01022a7:	c3                   	ret
c01022a8:	2e 8d b4 26 00 00 00 	lea    %cs:0x0(%esi,%eiz,1),%esi
c01022af:	00 

c01022b0 <schedulerExitCurrent>:
c01022b0:	83 ec 0c             	sub    $0xc,%esp
c01022b3:	8b 15 f0 80 10 c0    	mov    0xc01080f0,%edx
c01022b9:	8b 42 18             	mov    0x18(%edx),%eax
c01022bc:	c6 42 14 02          	movb   $0x2,0x14(%edx)
c01022c0:	80 78 14 02          	cmpb   $0x2,0x14(%eax)
c01022c4:	74 13                	je     c01022d9 <schedulerExitCurrent+0x29>
c01022c6:	eb 1b                	jmp    c01022e3 <schedulerExitCurrent+0x33>
c01022c8:	2e 8d b4 26 00 00 00 	lea    %cs:0x0(%esi,%eiz,1),%esi
c01022cf:	00 
c01022d0:	8b 40 18             	mov    0x18(%eax),%eax
c01022d3:	80 78 14 02          	cmpb   $0x2,0x14(%eax)
c01022d7:	75 0a                	jne    c01022e3 <schedulerExitCurrent+0x33>
c01022d9:	39 c2                	cmp    %eax,%edx
c01022db:	75 f3                	jne    c01022d0 <schedulerExitCurrent+0x20>
c01022dd:	8d 76 00             	lea    0x0(%esi),%esi
c01022e0:	f4                   	hlt
c01022e1:	eb fd                	jmp    c01022e0 <schedulerExitCurrent+0x30>
c01022e3:	39 c2                	cmp    %eax,%edx
c01022e5:	74 f9                	je     c01022e0 <schedulerExitCurrent+0x30>
c01022e7:	83 ec 08             	sub    $0x8,%esp
c01022ea:	a3 f0 80 10 c0       	mov    %eax,0xc01080f0
c01022ef:	50                   	push   %eax
c01022f0:	52                   	push   %edx
c01022f1:	e8 7b 10 00 00       	call   c0103371 <threadSwitch>
c01022f6:	83 c4 10             	add    $0x10,%esp
c01022f9:	eb e5                	jmp    c01022e0 <schedulerExitCurrent+0x30>
c01022fb:	2e 8d 74 26 00       	lea    %cs:0x0(%esi,%eiz,1),%esi

c0102300 <threadTrampoline>:
c0102300:	83 ec 0c             	sub    $0xc,%esp
c0102303:	a1 f0 80 10 c0       	mov    0xc01080f0,%eax
c0102308:	ff 50 10             	call   *0x10(%eax)
c010230b:	e8 a0 ff ff ff       	call   c01022b0 <schedulerExitCurrent>

c0102310 <getCurrentThread>:
c0102310:	a1 f0 80 10 c0       	mov    0xc01080f0,%eax
c0102315:	c3                   	ret

c0102316 <_start>:
c0102316:	8d 3d 00 e0 10 c0    	lea    0xc010e000,%edi
c010231c:	81 ef 00 00 00 c0    	sub    $0xc0000000,%edi
c0102322:	89 07                	mov    %eax,(%edi)
c0102324:	8d 3d 04 e0 10 c0    	lea    0xc010e004,%edi
c010232a:	81 ef 00 00 00 c0    	sub    $0xc0000000,%edi
c0102330:	89 1f                	mov    %ebx,(%edi)
c0102332:	8d 3d 00 90 10 c0    	lea    0xc0109000,%edi
c0102338:	81 ef 00 00 00 c0    	sub    $0xc0000000,%edi
c010233e:	89 fb                	mov    %edi,%ebx
c0102340:	31 c0                	xor    %eax,%eax
c0102342:	b9 00 04 00 00       	mov    $0x400,%ecx
c0102347:	f3 ab                	rep stos %eax,%es:(%edi)
c0102349:	b8 83 00 00 00       	mov    $0x83,%eax
c010234e:	89 07                	mov    %eax,(%edi)
c0102350:	89 87 00 0c 00 00    	mov    %eax,0xc00(%edi)
c0102356:	0f 22 df             	mov    %edi,%cr3
c0102359:	0f 20 e0             	mov    %cr4,%eax
c010235c:	83 c8 10             	or     $0x10,%eax
c010235f:	0f 22 e0             	mov    %eax,%cr4
c0102362:	0f 20 c0             	mov    %cr0,%eax
c0102365:	0d 00 00 00 80       	or     $0x80000000,%eax
c010236a:	0f 22 c0             	mov    %eax,%cr0
c010236d:	8d 05 75 23 10 c0    	lea    0xc0102375,%eax
c0102373:	ff e0                	jmp    *%eax

c0102375 <higher_half>:
c0102375:	c7 05 00 90 10 c0 00 	movl   $0x0,0xc0109000
c010237c:	00 00 00 
c010237f:	0f 20 d8             	mov    %cr3,%eax
c0102382:	0f 22 d8             	mov    %eax,%cr3
c0102385:	bc 00 e0 10 c0       	mov    $0xc010e000,%esp
c010238a:	8b 35 04 e0 10 c0    	mov    0xc010e004,%esi
c0102390:	bf 00 00 02 00       	mov    $0x20000,%edi
c0102395:	b9 00 10 00 00       	mov    $0x1000,%ecx
c010239a:	f3 a4                	rep movsb %ds:(%esi),%es:(%edi)
c010239c:	e8 e7 0f 00 00       	call   c0103388 <_init>
c01023a1:	68 00 00 02 00       	push   $0x20000
c01023a6:	ff 35 00 e0 10 c0    	push   0xc010e000
c01023ac:	e8 8f de ff ff       	call   c0100240 <kernelMain>
c01023b1:	fa                   	cli
c01023b2:	f4                   	hlt
c01023b3:	eb fc                	jmp    c01023b1 <higher_half+0x3c>
c01023b5:	66 90                	xchg   %ax,%ax
c01023b7:	66 90                	xchg   %ax,%ax
c01023b9:	66 90                	xchg   %ax,%ax
c01023bb:	66 90                	xchg   %ax,%ax
c01023bd:	66 90                	xchg   %ax,%ax
c01023bf:	90                   	nop

c01023c0 <encodeGdtEntry>:
c01023c0:	53                   	push   %ebx
c01023c1:	8b 4c 24 10          	mov    0x10(%esp),%ecx
c01023c5:	8b 44 24 08          	mov    0x8(%esp),%eax
c01023c9:	0f b7 5c 24 10       	movzwl 0x10(%esp),%ebx
c01023ce:	81 f9 ff ff 0f 00    	cmp    $0xfffff,%ecx
c01023d4:	77 3a                	ja     c0102410 <encodeGdtEntry+0x50>
c01023d6:	8b 54 24 0c          	mov    0xc(%esp),%edx
c01023da:	66 89 18             	mov    %bx,(%eax)
c01023dd:	c1 e9 10             	shr    $0x10,%ecx
c01023e0:	0f b7 5c 24 0c       	movzwl 0xc(%esp),%ebx
c01023e5:	66 89 58 02          	mov    %bx,0x2(%eax)
c01023e9:	89 d3                	mov    %edx,%ebx
c01023eb:	c1 ea 18             	shr    $0x18,%edx
c01023ee:	88 50 07             	mov    %dl,0x7(%eax)
c01023f1:	0f b6 54 24 14       	movzbl 0x14(%esp),%edx
c01023f6:	c1 eb 10             	shr    $0x10,%ebx
c01023f9:	88 58 04             	mov    %bl,0x4(%eax)
c01023fc:	88 50 05             	mov    %dl,0x5(%eax)
c01023ff:	0f b6 54 24 15       	movzbl 0x15(%esp),%edx
c0102404:	c1 e2 04             	shl    $0x4,%edx
c0102407:	09 ca                	or     %ecx,%edx
c0102409:	88 50 06             	mov    %dl,0x6(%eax)
c010240c:	5b                   	pop    %ebx
c010240d:	c3                   	ret
c010240e:	66 90                	xchg   %ax,%ax
c0102410:	c7 44 24 08 0c 41 10 	movl   $0xc010410c,0x8(%esp)
c0102417:	c0 
c0102418:	5b                   	pop    %ebx
c0102419:	e9 82 e4 ff ff       	jmp    c01008a0 <kprintf>
c010241e:	66 90                	xchg   %ax,%ax

c0102420 <initGdt>:
c0102420:	83 ec 14             	sub    $0x14,%esp
c0102423:	c7 05 08 e0 10 c0 00 	movl   $0x0,0xc010e008
c010242a:	00 00 00 
c010242d:	68 08 e0 10 c0       	push   $0xc010e008
c0102432:	6a 17                	push   $0x17
c0102434:	c7 05 0c e0 10 c0 00 	movl   $0x0,0xc010e00c
c010243b:	00 00 00 
c010243e:	c7 05 10 e0 10 c0 ff 	movl   $0xffff,0xc010e010
c0102445:	ff 00 00 
c0102448:	c7 05 14 e0 10 c0 00 	movl   $0xcf9a00,0xc010e014
c010244f:	9a cf 00 
c0102452:	c7 05 18 e0 10 c0 ff 	movl   $0xffff,0xc010e018
c0102459:	ff 00 00 
c010245c:	c7 05 1c e0 10 c0 00 	movl   $0xcf9200,0xc010e01c
c0102463:	92 cf 00 
c0102466:	e8 0b 00 00 00       	call   c0102476 <setGdt>
c010246b:	83 c4 1c             	add    $0x1c,%esp
c010246e:	c3                   	ret
c010246f:	90                   	nop

c0102470 <gdtr>:
c0102470:	00 00                	add    %al,(%eax)
c0102472:	00 00                	add    %al,(%eax)
	...

c0102476 <setGdt>:
c0102476:	66 8b 44 24 04       	mov    0x4(%esp),%ax
c010247b:	66 a3 70 24 10 c0    	mov    %ax,0xc0102470
c0102481:	8b 44 24 08          	mov    0x8(%esp),%eax
c0102485:	a3 72 24 10 c0       	mov    %eax,0xc0102472
c010248a:	0f 01 15 70 24 10 c0 	lgdtl  0xc0102470
c0102491:	66 b8 10 00          	mov    $0x10,%ax
c0102495:	8e d8                	mov    %eax,%ds
c0102497:	8e c0                	mov    %eax,%es
c0102499:	8e e0                	mov    %eax,%fs
c010249b:	8e e8                	mov    %eax,%gs
c010249d:	8e d0                	mov    %eax,%ss
c010249f:	ea a6 24 10 c0 08 00 	ljmp   $0x8,$0xc01024a6

c01024a6 <.reload_cs>:
c01024a6:	c3                   	ret
c01024a7:	66 90                	xchg   %ax,%ax
c01024a9:	66 90                	xchg   %ax,%ax
c01024ab:	66 90                	xchg   %ax,%ax
c01024ad:	66 90                	xchg   %ax,%ax
c01024af:	66 90                	xchg   %ax,%ax
c01024b1:	66 90                	xchg   %ax,%ax
c01024b3:	66 90                	xchg   %ax,%ax
c01024b5:	66 90                	xchg   %ax,%ax
c01024b7:	66 90                	xchg   %ax,%ax
c01024b9:	66 90                	xchg   %ax,%ax
c01024bb:	66 90                	xchg   %ax,%ax
c01024bd:	66 90                	xchg   %ax,%ax
c01024bf:	90                   	nop

c01024c0 <exceptionHandler>:
c01024c0:	83 ec 18             	sub    $0x18,%esp
c01024c3:	68 50 40 10 c0       	push   $0xc0104050
c01024c8:	e8 53 f1 ff ff       	call   c0101620 <panic>
c01024cd:	8d 76 00             	lea    0x0(%esi),%esi

c01024d0 <irqHandler>:
c01024d0:	0f b6 44 24 04       	movzbl 0x4(%esp),%eax
c01024d5:	83 e8 20             	sub    $0x20,%eax
c01024d8:	0f b6 c0             	movzbl %al,%eax
c01024db:	89 44 24 04          	mov    %eax,0x4(%esp)
c01024df:	e9 4c 04 00 00       	jmp    c0102930 <picSendEoi>
c01024e4:	8d 74 26 00          	lea    0x0(%esi,%eiz,1),%esi
c01024e8:	2e 8d b4 26 00 00 00 	lea    %cs:0x0(%esi,%eiz,1),%esi
c01024ef:	00 

c01024f0 <idtSetDescriptor>:
c01024f0:	0f b6 44 24 04       	movzbl 0x4(%esp),%eax
c01024f5:	8b 54 24 08          	mov    0x8(%esp),%edx
c01024f9:	b9 08 00 00 00       	mov    $0x8,%ecx
c01024fe:	66 89 0c c5 32 e0 10 	mov    %cx,-0x3fef1fce(,%eax,8)
c0102505:	c0 
c0102506:	0f b6 4c 24 0c       	movzbl 0xc(%esp),%ecx
c010250b:	66 89 14 c5 30 e0 10 	mov    %dx,-0x3fef1fd0(,%eax,8)
c0102512:	c0 
c0102513:	c1 ea 10             	shr    $0x10,%edx
c0102516:	88 0c c5 35 e0 10 c0 	mov    %cl,-0x3fef1fcb(,%eax,8)
c010251d:	66 89 14 c5 36 e0 10 	mov    %dx,-0x3fef1fca(,%eax,8)
c0102524:	c0 
c0102525:	c6 04 c5 34 e0 10 c0 	movb   $0x0,-0x3fef1fcc(,%eax,8)
c010252c:	00 
c010252d:	c3                   	ret
c010252e:	66 90                	xchg   %ax,%ax

c0102530 <initIdt>:
c0102530:	83 ec 0c             	sub    $0xc,%esp
c0102533:	b8 ff 07 00 00       	mov    $0x7ff,%eax
c0102538:	b9 00 8e ff ff       	mov    $0xffff8e00,%ecx
c010253d:	c7 05 22 e0 10 c0 30 	movl   $0xc010e030,0xc010e022
c0102544:	e0 10 c0 
c0102547:	66 a3 20 e0 10 c0    	mov    %ax,0xc010e020
c010254d:	31 c0                	xor    %eax,%eax
c010254f:	eb 2f                	jmp    c0102580 <initIdt+0x50>
c0102551:	8d b4 26 00 00 00 00 	lea    0x0(%esi,%eiz,1),%esi
c0102558:	2e 8d b4 26 00 00 00 	lea    %cs:0x0(%esi,%eiz,1),%esi
c010255f:	00 
c0102560:	2e 8d b4 26 00 00 00 	lea    %cs:0x0(%esi,%eiz,1),%esi
c0102567:	00 
c0102568:	2e 8d b4 26 00 00 00 	lea    %cs:0x0(%esi,%eiz,1),%esi
c010256f:	00 
c0102570:	2e 8d b4 26 00 00 00 	lea    %cs:0x0(%esi,%eiz,1),%esi
c0102577:	00 
c0102578:	2e 8d b4 26 00 00 00 	lea    %cs:0x0(%esi,%eiz,1),%esi
c010257f:	00 
c0102580:	8b 14 85 08 70 10 c0 	mov    -0x3fef8ff8(,%eax,4),%edx
c0102587:	66 89 0c c5 34 e0 10 	mov    %cx,-0x3fef1fcc(,%eax,8)
c010258e:	c0 
c010258f:	66 c7 04 c5 32 e0 10 	movw   $0x8,-0x3fef1fce(,%eax,8)
c0102596:	c0 08 00 
c0102599:	66 89 14 c5 30 e0 10 	mov    %dx,-0x3fef1fd0(,%eax,8)
c01025a0:	c0 
c01025a1:	c1 ea 10             	shr    $0x10,%edx
c01025a4:	66 89 14 c5 36 e0 10 	mov    %dx,-0x3fef1fca(,%eax,8)
c01025ab:	c0 
c01025ac:	83 c0 01             	add    $0x1,%eax
c01025af:	83 f8 20             	cmp    $0x20,%eax
c01025b2:	75 cc                	jne    c0102580 <initIdt+0x50>
c01025b4:	a1 88 70 10 c0       	mov    0xc0107088,%eax
c01025b9:	c7 05 32 e1 10 c0 08 	movl   $0x8e000008,0xc010e132
c01025c0:	00 00 8e 
c01025c3:	c7 05 3a e1 10 c0 08 	movl   $0x8e000008,0xc010e13a
c01025ca:	00 00 8e 
c01025cd:	66 a3 30 e1 10 c0    	mov    %ax,0xc010e130
c01025d3:	c1 e8 10             	shr    $0x10,%eax
c01025d6:	66 a3 36 e1 10 c0    	mov    %ax,0xc010e136
c01025dc:	a1 8c 70 10 c0       	mov    0xc010708c,%eax
c01025e1:	c7 05 42 e1 10 c0 08 	movl   $0x8e000008,0xc010e142
c01025e8:	00 00 8e 
c01025eb:	66 a3 38 e1 10 c0    	mov    %ax,0xc010e138
c01025f1:	c1 e8 10             	shr    $0x10,%eax
c01025f4:	66 a3 3e e1 10 c0    	mov    %ax,0xc010e13e
c01025fa:	a1 90 70 10 c0       	mov    0xc0107090,%eax
c01025ff:	c7 05 4a e1 10 c0 08 	movl   $0x8e000008,0xc010e14a
c0102606:	00 00 8e 
c0102609:	66 a3 40 e1 10 c0    	mov    %ax,0xc010e140
c010260f:	c1 e8 10             	shr    $0x10,%eax
c0102612:	66 a3 46 e1 10 c0    	mov    %ax,0xc010e146
c0102618:	a1 94 70 10 c0       	mov    0xc0107094,%eax
c010261d:	c7 05 52 e1 10 c0 08 	movl   $0x8e000008,0xc010e152
c0102624:	00 00 8e 
c0102627:	66 a3 48 e1 10 c0    	mov    %ax,0xc010e148
c010262d:	c1 e8 10             	shr    $0x10,%eax
c0102630:	66 a3 4e e1 10 c0    	mov    %ax,0xc010e14e
c0102636:	a1 98 70 10 c0       	mov    0xc0107098,%eax
c010263b:	c7 05 5a e1 10 c0 08 	movl   $0x8e000008,0xc010e15a
c0102642:	00 00 8e 
c0102645:	66 a3 50 e1 10 c0    	mov    %ax,0xc010e150
c010264b:	c1 e8 10             	shr    $0x10,%eax
c010264e:	66 a3 56 e1 10 c0    	mov    %ax,0xc010e156
c0102654:	a1 9c 70 10 c0       	mov    0xc010709c,%eax
c0102659:	c7 05 62 e1 10 c0 08 	movl   $0x8e000008,0xc010e162
c0102660:	00 00 8e 
c0102663:	66 a3 58 e1 10 c0    	mov    %ax,0xc010e158
c0102669:	c1 e8 10             	shr    $0x10,%eax
c010266c:	66 a3 5e e1 10 c0    	mov    %ax,0xc010e15e
c0102672:	a1 a0 70 10 c0       	mov    0xc01070a0,%eax
c0102677:	c7 05 6a e1 10 c0 08 	movl   $0x8e000008,0xc010e16a
c010267e:	00 00 8e 
c0102681:	66 a3 60 e1 10 c0    	mov    %ax,0xc010e160
c0102687:	c1 e8 10             	shr    $0x10,%eax
c010268a:	66 a3 66 e1 10 c0    	mov    %ax,0xc010e166
c0102690:	a1 a4 70 10 c0       	mov    0xc01070a4,%eax
c0102695:	66 a3 68 e1 10 c0    	mov    %ax,0xc010e168
c010269b:	c1 e8 10             	shr    $0x10,%eax
c010269e:	66 a3 6e e1 10 c0    	mov    %ax,0xc010e16e
c01026a4:	a1 a8 70 10 c0       	mov    0xc01070a8,%eax
c01026a9:	c7 05 72 e1 10 c0 08 	movl   $0x8e000008,0xc010e172
c01026b0:	00 00 8e 
c01026b3:	66 a3 70 e1 10 c0    	mov    %ax,0xc010e170
c01026b9:	c1 e8 10             	shr    $0x10,%eax
c01026bc:	66 a3 76 e1 10 c0    	mov    %ax,0xc010e176
c01026c2:	a1 ac 70 10 c0       	mov    0xc01070ac,%eax
c01026c7:	c7 05 7a e1 10 c0 08 	movl   $0x8e000008,0xc010e17a
c01026ce:	00 00 8e 
c01026d1:	66 a3 78 e1 10 c0    	mov    %ax,0xc010e178
c01026d7:	c1 e8 10             	shr    $0x10,%eax
c01026da:	66 a3 7e e1 10 c0    	mov    %ax,0xc010e17e
c01026e0:	a1 b0 70 10 c0       	mov    0xc01070b0,%eax
c01026e5:	c7 05 82 e1 10 c0 08 	movl   $0x8e000008,0xc010e182
c01026ec:	00 00 8e 
c01026ef:	66 a3 80 e1 10 c0    	mov    %ax,0xc010e180
c01026f5:	c1 e8 10             	shr    $0x10,%eax
c01026f8:	66 a3 86 e1 10 c0    	mov    %ax,0xc010e186
c01026fe:	a1 b4 70 10 c0       	mov    0xc01070b4,%eax
c0102703:	c7 05 8a e1 10 c0 08 	movl   $0x8e000008,0xc010e18a
c010270a:	00 00 8e 
c010270d:	66 a3 88 e1 10 c0    	mov    %ax,0xc010e188
c0102713:	c1 e8 10             	shr    $0x10,%eax
c0102716:	66 a3 8e e1 10 c0    	mov    %ax,0xc010e18e
c010271c:	a1 b8 70 10 c0       	mov    0xc01070b8,%eax
c0102721:	c7 05 92 e1 10 c0 08 	movl   $0x8e000008,0xc010e192
c0102728:	00 00 8e 
c010272b:	66 a3 90 e1 10 c0    	mov    %ax,0xc010e190
c0102731:	c1 e8 10             	shr    $0x10,%eax
c0102734:	66 a3 96 e1 10 c0    	mov    %ax,0xc010e196
c010273a:	a1 bc 70 10 c0       	mov    0xc01070bc,%eax
c010273f:	c7 05 9a e1 10 c0 08 	movl   $0x8e000008,0xc010e19a
c0102746:	00 00 8e 
c0102749:	66 a3 98 e1 10 c0    	mov    %ax,0xc010e198
c010274f:	c1 e8 10             	shr    $0x10,%eax
c0102752:	66 a3 9e e1 10 c0    	mov    %ax,0xc010e19e
c0102758:	a1 c0 70 10 c0       	mov    0xc01070c0,%eax
c010275d:	c7 05 a2 e1 10 c0 08 	movl   $0x8e000008,0xc010e1a2
c0102764:	00 00 8e 
c0102767:	66 a3 a0 e1 10 c0    	mov    %ax,0xc010e1a0
c010276d:	c1 e8 10             	shr    $0x10,%eax
c0102770:	66 a3 a6 e1 10 c0    	mov    %ax,0xc010e1a6
c0102776:	a1 c4 70 10 c0       	mov    0xc01070c4,%eax
c010277b:	c7 05 aa e1 10 c0 08 	movl   $0x8e000008,0xc010e1aa
c0102782:	00 00 8e 
c0102785:	66 a3 a8 e1 10 c0    	mov    %ax,0xc010e1a8
c010278b:	c1 e8 10             	shr    $0x10,%eax
c010278e:	66 a3 ae e1 10 c0    	mov    %ax,0xc010e1ae
c0102794:	83 ec 08             	sub    $0x8,%esp
c0102797:	6a 28                	push   $0x28
c0102799:	6a 20                	push   $0x20
c010279b:	e8 e0 01 00 00       	call   c0102980 <remapPic>
c01027a0:	0f 01 1d 20 e0 10 c0 	lidtl  0xc010e020
c01027a7:	fb                   	sti
c01027a8:	83 c4 1c             	add    $0x1c,%esp
c01027ab:	c3                   	ret

c01027ac <isr_stub_0>:
c01027ac:	6a 00                	push   $0x0
c01027ae:	6a 00                	push   $0x0
c01027b0:	e9 bf 00 00 00       	jmp    c0102874 <isr_common>

c01027b5 <isr_stub_1>:
c01027b5:	6a 00                	push   $0x0
c01027b7:	6a 01                	push   $0x1
c01027b9:	e9 b6 00 00 00       	jmp    c0102874 <isr_common>

c01027be <isr_stub_2>:
c01027be:	6a 00                	push   $0x0
c01027c0:	6a 02                	push   $0x2
c01027c2:	e9 ad 00 00 00       	jmp    c0102874 <isr_common>

c01027c7 <isr_stub_3>:
c01027c7:	6a 00                	push   $0x0
c01027c9:	6a 03                	push   $0x3
c01027cb:	e9 a4 00 00 00       	jmp    c0102874 <isr_common>

c01027d0 <isr_stub_4>:
c01027d0:	6a 00                	push   $0x0
c01027d2:	6a 04                	push   $0x4
c01027d4:	e9 9b 00 00 00       	jmp    c0102874 <isr_common>

c01027d9 <isr_stub_5>:
c01027d9:	6a 00                	push   $0x0
c01027db:	6a 05                	push   $0x5
c01027dd:	e9 92 00 00 00       	jmp    c0102874 <isr_common>

c01027e2 <isr_stub_6>:
c01027e2:	6a 00                	push   $0x0
c01027e4:	6a 06                	push   $0x6
c01027e6:	e9 89 00 00 00       	jmp    c0102874 <isr_common>

c01027eb <isr_stub_7>:
c01027eb:	6a 00                	push   $0x0
c01027ed:	6a 07                	push   $0x7
c01027ef:	e9 80 00 00 00       	jmp    c0102874 <isr_common>

c01027f4 <isr_stub_8>:
c01027f4:	6a 08                	push   $0x8
c01027f6:	eb 7c                	jmp    c0102874 <isr_common>

c01027f8 <isr_stub_9>:
c01027f8:	6a 00                	push   $0x0
c01027fa:	6a 09                	push   $0x9
c01027fc:	eb 76                	jmp    c0102874 <isr_common>

c01027fe <isr_stub_10>:
c01027fe:	6a 0a                	push   $0xa
c0102800:	eb 72                	jmp    c0102874 <isr_common>

c0102802 <isr_stub_11>:
c0102802:	6a 0b                	push   $0xb
c0102804:	eb 6e                	jmp    c0102874 <isr_common>

c0102806 <isr_stub_12>:
c0102806:	6a 0c                	push   $0xc
c0102808:	eb 6a                	jmp    c0102874 <isr_common>

c010280a <isr_stub_13>:
c010280a:	6a 0d                	push   $0xd
c010280c:	eb 66                	jmp    c0102874 <isr_common>

c010280e <isr_stub_14>:
c010280e:	6a 0e                	push   $0xe
c0102810:	eb 62                	jmp    c0102874 <isr_common>

c0102812 <isr_stub_15>:
c0102812:	6a 00                	push   $0x0
c0102814:	6a 0f                	push   $0xf
c0102816:	eb 5c                	jmp    c0102874 <isr_common>

c0102818 <isr_stub_16>:
c0102818:	6a 00                	push   $0x0
c010281a:	6a 10                	push   $0x10
c010281c:	eb 56                	jmp    c0102874 <isr_common>

c010281e <isr_stub_17>:
c010281e:	6a 11                	push   $0x11
c0102820:	eb 52                	jmp    c0102874 <isr_common>

c0102822 <isr_stub_18>:
c0102822:	6a 00                	push   $0x0
c0102824:	6a 12                	push   $0x12
c0102826:	eb 4c                	jmp    c0102874 <isr_common>

c0102828 <isr_stub_19>:
c0102828:	6a 00                	push   $0x0
c010282a:	6a 13                	push   $0x13
c010282c:	eb 46                	jmp    c0102874 <isr_common>

c010282e <isr_stub_20>:
c010282e:	6a 00                	push   $0x0
c0102830:	6a 14                	push   $0x14
c0102832:	eb 40                	jmp    c0102874 <isr_common>

c0102834 <isr_stub_21>:
c0102834:	6a 00                	push   $0x0
c0102836:	6a 15                	push   $0x15
c0102838:	eb 3a                	jmp    c0102874 <isr_common>

c010283a <isr_stub_22>:
c010283a:	6a 00                	push   $0x0
c010283c:	6a 16                	push   $0x16
c010283e:	eb 34                	jmp    c0102874 <isr_common>

c0102840 <isr_stub_23>:
c0102840:	6a 00                	push   $0x0
c0102842:	6a 17                	push   $0x17
c0102844:	eb 2e                	jmp    c0102874 <isr_common>

c0102846 <isr_stub_24>:
c0102846:	6a 00                	push   $0x0
c0102848:	6a 18                	push   $0x18
c010284a:	eb 28                	jmp    c0102874 <isr_common>

c010284c <isr_stub_25>:
c010284c:	6a 00                	push   $0x0
c010284e:	6a 19                	push   $0x19
c0102850:	eb 22                	jmp    c0102874 <isr_common>

c0102852 <isr_stub_26>:
c0102852:	6a 00                	push   $0x0
c0102854:	6a 1a                	push   $0x1a
c0102856:	eb 1c                	jmp    c0102874 <isr_common>

c0102858 <isr_stub_27>:
c0102858:	6a 00                	push   $0x0
c010285a:	6a 1b                	push   $0x1b
c010285c:	eb 16                	jmp    c0102874 <isr_common>

c010285e <isr_stub_28>:
c010285e:	6a 00                	push   $0x0
c0102860:	6a 1c                	push   $0x1c
c0102862:	eb 10                	jmp    c0102874 <isr_common>

c0102864 <isr_stub_29>:
c0102864:	6a 00                	push   $0x0
c0102866:	6a 1d                	push   $0x1d
c0102868:	eb 0a                	jmp    c0102874 <isr_common>

c010286a <isr_stub_30>:
c010286a:	6a 1e                	push   $0x1e
c010286c:	eb 06                	jmp    c0102874 <isr_common>

c010286e <isr_stub_31>:
c010286e:	6a 00                	push   $0x0
c0102870:	6a 1f                	push   $0x1f
c0102872:	eb 00                	jmp    c0102874 <isr_common>

c0102874 <isr_common>:
c0102874:	60                   	pusha
c0102875:	8b 44 24 20          	mov    0x20(%esp),%eax
c0102879:	50                   	push   %eax
c010287a:	8b 44 24 24          	mov    0x24(%esp),%eax
c010287e:	50                   	push   %eax
c010287f:	e8 3c fc ff ff       	call   c01024c0 <exceptionHandler>
c0102884:	83 c4 08             	add    $0x8,%esp
c0102887:	61                   	popa
c0102888:	83 c4 08             	add    $0x8,%esp
c010288b:	cf                   	iret
c010288c:	66 90                	xchg   %ax,%ax
c010288e:	66 90                	xchg   %ax,%ax

c0102890 <outb>:
c0102890:	0f b7 54 24 04       	movzwl 0x4(%esp),%edx
c0102895:	0f b6 44 24 08       	movzbl 0x8(%esp),%eax
c010289a:	ee                   	out    %al,(%dx)
c010289b:	c3                   	ret
c010289c:	8d 74 26 00          	lea    0x0(%esi,%eiz,1),%esi

c01028a0 <inb>:
c01028a0:	0f b7 54 24 04       	movzwl 0x4(%esp),%edx
c01028a5:	ec                   	in     (%dx),%al
c01028a6:	c3                   	ret
c01028a7:	90                   	nop
c01028a8:	2e 8d b4 26 00 00 00 	lea    %cs:0x0(%esi,%eiz,1),%esi
c01028af:	00 

c01028b0 <ioWait>:
c01028b0:	31 c0                	xor    %eax,%eax
c01028b2:	e6 80                	out    %al,$0x80
c01028b4:	c3                   	ret

c01028b5 <irq_stub_32>:
c01028b5:	6a 00                	push   $0x0
c01028b7:	6a 20                	push   $0x20
c01028b9:	eb 5a                	jmp    c0102915 <irq_common>

c01028bb <irq_stub_33>:
c01028bb:	6a 00                	push   $0x0
c01028bd:	6a 21                	push   $0x21
c01028bf:	eb 54                	jmp    c0102915 <irq_common>

c01028c1 <irq_stub_34>:
c01028c1:	6a 00                	push   $0x0
c01028c3:	6a 22                	push   $0x22
c01028c5:	eb 4e                	jmp    c0102915 <irq_common>

c01028c7 <irq_stub_35>:
c01028c7:	6a 00                	push   $0x0
c01028c9:	6a 23                	push   $0x23
c01028cb:	eb 48                	jmp    c0102915 <irq_common>

c01028cd <irq_stub_36>:
c01028cd:	6a 00                	push   $0x0
c01028cf:	6a 24                	push   $0x24
c01028d1:	eb 42                	jmp    c0102915 <irq_common>

c01028d3 <irq_stub_37>:
c01028d3:	6a 00                	push   $0x0
c01028d5:	6a 25                	push   $0x25
c01028d7:	eb 3c                	jmp    c0102915 <irq_common>

c01028d9 <irq_stub_38>:
c01028d9:	6a 00                	push   $0x0
c01028db:	6a 26                	push   $0x26
c01028dd:	eb 36                	jmp    c0102915 <irq_common>

c01028df <irq_stub_39>:
c01028df:	6a 00                	push   $0x0
c01028e1:	6a 27                	push   $0x27
c01028e3:	eb 30                	jmp    c0102915 <irq_common>

c01028e5 <irq_stub_40>:
c01028e5:	6a 00                	push   $0x0
c01028e7:	6a 28                	push   $0x28
c01028e9:	eb 2a                	jmp    c0102915 <irq_common>

c01028eb <irq_stub_41>:
c01028eb:	6a 00                	push   $0x0
c01028ed:	6a 29                	push   $0x29
c01028ef:	eb 24                	jmp    c0102915 <irq_common>

c01028f1 <irq_stub_42>:
c01028f1:	6a 00                	push   $0x0
c01028f3:	6a 2a                	push   $0x2a
c01028f5:	eb 1e                	jmp    c0102915 <irq_common>

c01028f7 <irq_stub_43>:
c01028f7:	6a 00                	push   $0x0
c01028f9:	6a 2b                	push   $0x2b
c01028fb:	eb 18                	jmp    c0102915 <irq_common>

c01028fd <irq_stub_44>:
c01028fd:	6a 00                	push   $0x0
c01028ff:	6a 2c                	push   $0x2c
c0102901:	eb 12                	jmp    c0102915 <irq_common>

c0102903 <irq_stub_45>:
c0102903:	6a 00                	push   $0x0
c0102905:	6a 2d                	push   $0x2d
c0102907:	eb 0c                	jmp    c0102915 <irq_common>

c0102909 <irq_stub_46>:
c0102909:	6a 00                	push   $0x0
c010290b:	6a 2e                	push   $0x2e
c010290d:	eb 06                	jmp    c0102915 <irq_common>

c010290f <irq_stub_47>:
c010290f:	6a 00                	push   $0x0
c0102911:	6a 2f                	push   $0x2f
c0102913:	eb 00                	jmp    c0102915 <irq_common>

c0102915 <irq_common>:
c0102915:	60                   	pusha
c0102916:	8b 44 24 20          	mov    0x20(%esp),%eax
c010291a:	8b 5c 24 24          	mov    0x24(%esp),%ebx
c010291e:	53                   	push   %ebx
c010291f:	50                   	push   %eax
c0102920:	e8 ab fb ff ff       	call   c01024d0 <irqHandler>
c0102925:	83 c4 08             	add    $0x8,%esp
c0102928:	61                   	popa
c0102929:	83 c4 08             	add    $0x8,%esp
c010292c:	cf                   	iret
c010292d:	66 90                	xchg   %ax,%ax
c010292f:	90                   	nop

c0102930 <picSendEoi>:
c0102930:	83 ec 0c             	sub    $0xc,%esp
c0102933:	80 7c 24 10 07       	cmpb   $0x7,0x10(%esp)
c0102938:	77 16                	ja     c0102950 <picSendEoi+0x20>
c010293a:	83 ec 08             	sub    $0x8,%esp
c010293d:	6a 20                	push   $0x20
c010293f:	6a 20                	push   $0x20
c0102941:	e8 4a ff ff ff       	call   c0102890 <outb>
c0102946:	83 c4 1c             	add    $0x1c,%esp
c0102949:	c3                   	ret
c010294a:	8d b6 00 00 00 00    	lea    0x0(%esi),%esi
c0102950:	83 ec 08             	sub    $0x8,%esp
c0102953:	6a 20                	push   $0x20
c0102955:	68 a0 00 00 00       	push   $0xa0
c010295a:	e8 31 ff ff ff       	call   c0102890 <outb>
c010295f:	83 c4 10             	add    $0x10,%esp
c0102962:	83 ec 08             	sub    $0x8,%esp
c0102965:	6a 20                	push   $0x20
c0102967:	6a 20                	push   $0x20
c0102969:	e8 22 ff ff ff       	call   c0102890 <outb>
c010296e:	83 c4 1c             	add    $0x1c,%esp
c0102971:	c3                   	ret
c0102972:	8d b6 00 00 00 00    	lea    0x0(%esi),%esi
c0102978:	2e 8d b4 26 00 00 00 	lea    %cs:0x0(%esi,%eiz,1),%esi
c010297f:	00 

c0102980 <remapPic>:
c0102980:	56                   	push   %esi
c0102981:	53                   	push   %ebx
c0102982:	83 ec 0c             	sub    $0xc,%esp
c0102985:	8b 74 24 18          	mov    0x18(%esp),%esi
c0102989:	0f b6 5c 24 1c       	movzbl 0x1c(%esp),%ebx
c010298e:	6a 11                	push   $0x11
c0102990:	6a 20                	push   $0x20
c0102992:	e8 f9 fe ff ff       	call   c0102890 <outb>
c0102997:	e8 14 ff ff ff       	call   c01028b0 <ioWait>
c010299c:	58                   	pop    %eax
c010299d:	5a                   	pop    %edx
c010299e:	6a 11                	push   $0x11
c01029a0:	68 a0 00 00 00       	push   $0xa0
c01029a5:	e8 e6 fe ff ff       	call   c0102890 <outb>
c01029aa:	e8 01 ff ff ff       	call   c01028b0 <ioWait>
c01029af:	59                   	pop    %ecx
c01029b0:	58                   	pop    %eax
c01029b1:	89 f0                	mov    %esi,%eax
c01029b3:	0f b6 f0             	movzbl %al,%esi
c01029b6:	56                   	push   %esi
c01029b7:	6a 21                	push   $0x21
c01029b9:	e8 d2 fe ff ff       	call   c0102890 <outb>
c01029be:	e8 ed fe ff ff       	call   c01028b0 <ioWait>
c01029c3:	58                   	pop    %eax
c01029c4:	5a                   	pop    %edx
c01029c5:	53                   	push   %ebx
c01029c6:	68 a1 00 00 00       	push   $0xa1
c01029cb:	e8 c0 fe ff ff       	call   c0102890 <outb>
c01029d0:	e8 db fe ff ff       	call   c01028b0 <ioWait>
c01029d5:	59                   	pop    %ecx
c01029d6:	5b                   	pop    %ebx
c01029d7:	6a 04                	push   $0x4
c01029d9:	6a 21                	push   $0x21
c01029db:	e8 b0 fe ff ff       	call   c0102890 <outb>
c01029e0:	e8 cb fe ff ff       	call   c01028b0 <ioWait>
c01029e5:	5e                   	pop    %esi
c01029e6:	58                   	pop    %eax
c01029e7:	6a 02                	push   $0x2
c01029e9:	68 a1 00 00 00       	push   $0xa1
c01029ee:	e8 9d fe ff ff       	call   c0102890 <outb>
c01029f3:	e8 b8 fe ff ff       	call   c01028b0 <ioWait>
c01029f8:	58                   	pop    %eax
c01029f9:	5a                   	pop    %edx
c01029fa:	6a 01                	push   $0x1
c01029fc:	6a 21                	push   $0x21
c01029fe:	e8 8d fe ff ff       	call   c0102890 <outb>
c0102a03:	e8 a8 fe ff ff       	call   c01028b0 <ioWait>
c0102a08:	59                   	pop    %ecx
c0102a09:	5b                   	pop    %ebx
c0102a0a:	6a 01                	push   $0x1
c0102a0c:	68 a1 00 00 00       	push   $0xa1
c0102a11:	e8 7a fe ff ff       	call   c0102890 <outb>
c0102a16:	e8 95 fe ff ff       	call   c01028b0 <ioWait>
c0102a1b:	5e                   	pop    %esi
c0102a1c:	58                   	pop    %eax
c0102a1d:	6a 00                	push   $0x0
c0102a1f:	6a 21                	push   $0x21
c0102a21:	e8 6a fe ff ff       	call   c0102890 <outb>
c0102a26:	c7 44 24 24 00 00 00 	movl   $0x0,0x24(%esp)
c0102a2d:	00 
c0102a2e:	c7 44 24 20 a1 00 00 	movl   $0xa1,0x20(%esp)
c0102a35:	00 
c0102a36:	83 c4 14             	add    $0x14,%esp
c0102a39:	5b                   	pop    %ebx
c0102a3a:	5e                   	pop    %esi
c0102a3b:	e9 50 fe ff ff       	jmp    c0102890 <outb>

c0102a40 <disablePic>:
c0102a40:	83 ec 14             	sub    $0x14,%esp
c0102a43:	68 ff 00 00 00       	push   $0xff
c0102a48:	6a 21                	push   $0x21
c0102a4a:	e8 41 fe ff ff       	call   c0102890 <outb>
c0102a4f:	58                   	pop    %eax
c0102a50:	5a                   	pop    %edx
c0102a51:	68 ff 00 00 00       	push   $0xff
c0102a56:	68 a1 00 00 00       	push   $0xa1
c0102a5b:	e8 30 fe ff ff       	call   c0102890 <outb>
c0102a60:	83 c4 1c             	add    $0x1c,%esp
c0102a63:	c3                   	ret
c0102a64:	8d 74 26 00          	lea    0x0(%esi,%eiz,1),%esi
c0102a68:	2e 8d b4 26 00 00 00 	lea    %cs:0x0(%esi,%eiz,1),%esi
c0102a6f:	00 

c0102a70 <irqSetMask>:
c0102a70:	53                   	push   %ebx
c0102a71:	bb 21 00 00 00       	mov    $0x21,%ebx
c0102a76:	83 ec 08             	sub    $0x8,%esp
c0102a79:	80 7c 24 10 07       	cmpb   $0x7,0x10(%esp)
c0102a7e:	76 0a                	jbe    c0102a8a <irqSetMask+0x1a>
c0102a80:	80 6c 24 10 08       	subb   $0x8,0x10(%esp)
c0102a85:	bb a1 00 00 00       	mov    $0xa1,%ebx
c0102a8a:	83 ec 0c             	sub    $0xc,%esp
c0102a8d:	53                   	push   %ebx
c0102a8e:	e8 0d fe ff ff       	call   c01028a0 <inb>
c0102a93:	5a                   	pop    %edx
c0102a94:	59                   	pop    %ecx
c0102a95:	ba 01 00 00 00       	mov    $0x1,%edx
c0102a9a:	0f b6 4c 24 18       	movzbl 0x18(%esp),%ecx
c0102a9f:	d3 e2                	shl    %cl,%edx
c0102aa1:	09 d0                	or     %edx,%eax
c0102aa3:	0f b6 c0             	movzbl %al,%eax
c0102aa6:	50                   	push   %eax
c0102aa7:	53                   	push   %ebx
c0102aa8:	e8 e3 fd ff ff       	call   c0102890 <outb>
c0102aad:	83 c4 18             	add    $0x18,%esp
c0102ab0:	5b                   	pop    %ebx
c0102ab1:	c3                   	ret
c0102ab2:	8d b6 00 00 00 00    	lea    0x0(%esi),%esi
c0102ab8:	2e 8d b4 26 00 00 00 	lea    %cs:0x0(%esi,%eiz,1),%esi
c0102abf:	00 

c0102ac0 <irqClearMask>:
c0102ac0:	53                   	push   %ebx
c0102ac1:	bb 21 00 00 00       	mov    $0x21,%ebx
c0102ac6:	83 ec 08             	sub    $0x8,%esp
c0102ac9:	80 7c 24 10 07       	cmpb   $0x7,0x10(%esp)
c0102ace:	76 0a                	jbe    c0102ada <irqClearMask+0x1a>
c0102ad0:	80 6c 24 10 08       	subb   $0x8,0x10(%esp)
c0102ad5:	bb a1 00 00 00       	mov    $0xa1,%ebx
c0102ada:	83 ec 0c             	sub    $0xc,%esp
c0102add:	53                   	push   %ebx
c0102ade:	e8 bd fd ff ff       	call   c01028a0 <inb>
c0102ae3:	5a                   	pop    %edx
c0102ae4:	59                   	pop    %ecx
c0102ae5:	0f b6 54 24 18       	movzbl 0x18(%esp),%edx
c0102aea:	0f b3 d0             	btr    %edx,%eax
c0102aed:	0f b6 c0             	movzbl %al,%eax
c0102af0:	50                   	push   %eax
c0102af1:	53                   	push   %ebx
c0102af2:	e8 99 fd ff ff       	call   c0102890 <outb>
c0102af7:	83 c4 18             	add    $0x18,%esp
c0102afa:	5b                   	pop    %ebx
c0102afb:	c3                   	ret
c0102afc:	8d 74 26 00          	lea    0x0(%esi,%eiz,1),%esi

c0102b00 <getPicIrr>:
c0102b00:	53                   	push   %ebx
c0102b01:	83 ec 10             	sub    $0x10,%esp
c0102b04:	6a 0a                	push   $0xa
c0102b06:	6a 20                	push   $0x20
c0102b08:	e8 83 fd ff ff       	call   c0102890 <outb>
c0102b0d:	58                   	pop    %eax
c0102b0e:	5a                   	pop    %edx
c0102b0f:	6a 0a                	push   $0xa
c0102b11:	68 a0 00 00 00       	push   $0xa0
c0102b16:	e8 75 fd ff ff       	call   c0102890 <outb>
c0102b1b:	c7 04 24 a0 00 00 00 	movl   $0xa0,(%esp)
c0102b22:	e8 79 fd ff ff       	call   c01028a0 <inb>
c0102b27:	c7 04 24 20 00 00 00 	movl   $0x20,(%esp)
c0102b2e:	89 c3                	mov    %eax,%ebx
c0102b30:	c1 e3 08             	shl    $0x8,%ebx
c0102b33:	e8 68 fd ff ff       	call   c01028a0 <inb>
c0102b38:	83 c4 18             	add    $0x18,%esp
c0102b3b:	0f b6 c0             	movzbl %al,%eax
c0102b3e:	09 d8                	or     %ebx,%eax
c0102b40:	5b                   	pop    %ebx
c0102b41:	c3                   	ret
c0102b42:	8d b6 00 00 00 00    	lea    0x0(%esi),%esi
c0102b48:	2e 8d b4 26 00 00 00 	lea    %cs:0x0(%esi,%eiz,1),%esi
c0102b4f:	00 

c0102b50 <getPicIsr>:
c0102b50:	53                   	push   %ebx
c0102b51:	83 ec 10             	sub    $0x10,%esp
c0102b54:	6a 0b                	push   $0xb
c0102b56:	6a 20                	push   $0x20
c0102b58:	e8 33 fd ff ff       	call   c0102890 <outb>
c0102b5d:	58                   	pop    %eax
c0102b5e:	5a                   	pop    %edx
c0102b5f:	6a 0b                	push   $0xb
c0102b61:	68 a0 00 00 00       	push   $0xa0
c0102b66:	e8 25 fd ff ff       	call   c0102890 <outb>
c0102b6b:	c7 04 24 a0 00 00 00 	movl   $0xa0,(%esp)
c0102b72:	e8 29 fd ff ff       	call   c01028a0 <inb>
c0102b77:	c7 04 24 20 00 00 00 	movl   $0x20,(%esp)
c0102b7e:	89 c3                	mov    %eax,%ebx
c0102b80:	c1 e3 08             	shl    $0x8,%ebx
c0102b83:	e8 18 fd ff ff       	call   c01028a0 <inb>
c0102b88:	83 c4 18             	add    $0x18,%esp
c0102b8b:	0f b6 c0             	movzbl %al,%eax
c0102b8e:	09 d8                	or     %ebx,%eax
c0102b90:	5b                   	pop    %ebx
c0102b91:	c3                   	ret

c0102b92 <loadPageDirectory>:
c0102b92:	8b 44 24 04          	mov    0x4(%esp),%eax
c0102b96:	0f 22 d8             	mov    %eax,%cr3
c0102b99:	c3                   	ret

c0102b9a <enablePaging>:
c0102b9a:	0f 20 c0             	mov    %cr0,%eax
c0102b9d:	0d 00 00 00 80       	or     $0x80000000,%eax
c0102ba2:	0f 22 c0             	mov    %eax,%cr0
c0102ba5:	c3                   	ret
c0102ba6:	66 90                	xchg   %ax,%ax
c0102ba8:	66 90                	xchg   %ax,%ax
c0102baa:	66 90                	xchg   %ax,%ax
c0102bac:	66 90                	xchg   %ax,%ax
c0102bae:	66 90                	xchg   %ax,%ax
c0102bb0:	66 90                	xchg   %ax,%ax
c0102bb2:	66 90                	xchg   %ax,%ax
c0102bb4:	66 90                	xchg   %ax,%ax
c0102bb6:	66 90                	xchg   %ax,%ax
c0102bb8:	66 90                	xchg   %ax,%ax
c0102bba:	66 90                	xchg   %ax,%ax
c0102bbc:	66 90                	xchg   %ax,%ax
c0102bbe:	66 90                	xchg   %ax,%ax

c0102bc0 <initPhysicalMemoryManager>:
c0102bc0:	83 ec 18             	sub    $0x18,%esp
c0102bc3:	b8 ff 1f 11 00       	mov    $0x111fff,%eax
c0102bc8:	8b 54 24 1c          	mov    0x1c(%esp),%edx
c0102bcc:	25 00 f0 ff ff       	and    $0xfffff000,%eax
c0102bd1:	8d 88 00 00 00 c0    	lea    -0x40000000(%eax),%ecx
c0102bd7:	a3 94 e8 10 c0       	mov    %eax,0xc010e894
c0102bdc:	c1 e2 14             	shl    $0x14,%edx
c0102bdf:	89 0c 24             	mov    %ecx,(%esp)
c0102be2:	c1 ea 0c             	shr    $0xc,%edx
c0102be5:	89 0d 98 e8 10 c0    	mov    %ecx,0xc010e898
c0102beb:	89 15 90 e8 10 c0    	mov    %edx,0xc010e890
c0102bf1:	0f 84 02 02 00 00    	je     c0102df9 <initPhysicalMemoryManager+0x239>
c0102bf7:	89 5c 24 08          	mov    %ebx,0x8(%esp)
c0102bfb:	8d 9a ff 0f 00 00    	lea    0xfff(%edx),%ebx
c0102c01:	89 7c 24 10          	mov    %edi,0x10(%esp)
c0102c05:	89 c7                	mov    %eax,%edi
c0102c07:	89 d8                	mov    %ebx,%eax
c0102c09:	c1 e8 0c             	shr    $0xc,%eax
c0102c0c:	89 74 24 0c          	mov    %esi,0xc(%esp)
c0102c10:	8d 70 ff             	lea    -0x1(%eax),%esi
c0102c13:	89 6c 24 14          	mov    %ebp,0x14(%esp)
c0102c17:	83 fe 05             	cmp    $0x5,%esi
c0102c1a:	0f 86 08 02 00 00    	jbe    c0102e28 <initPhysicalMemoryManager+0x268>
c0102c20:	c1 eb 0e             	shr    $0xe,%ebx
c0102c23:	89 dd                	mov    %ebx,%ebp
c0102c25:	8d 1c 9d 00 00 00 00 	lea    0x0(,%ebx,4),%ebx
c0102c2c:	8d 34 19             	lea    (%ecx,%ebx,1),%esi
c0102c2f:	f6 c3 04             	test   $0x4,%bl
c0102c32:	74 2c                	je     c0102c60 <initPhysicalMemoryManager+0xa0>
c0102c34:	c7 01 01 01 01 01    	movl   $0x1010101,(%ecx)
c0102c3a:	8d 8f 04 00 00 c0    	lea    -0x3ffffffc(%edi),%ecx
c0102c40:	39 ce                	cmp    %ecx,%esi
c0102c42:	74 30                	je     c0102c74 <initPhysicalMemoryManager+0xb4>
c0102c44:	eb 1a                	jmp    c0102c60 <initPhysicalMemoryManager+0xa0>
c0102c46:	66 90                	xchg   %ax,%ax
c0102c48:	2e 8d b4 26 00 00 00 	lea    %cs:0x0(%esi,%eiz,1),%esi
c0102c4f:	00 
c0102c50:	2e 8d b4 26 00 00 00 	lea    %cs:0x0(%esi,%eiz,1),%esi
c0102c57:	00 
c0102c58:	2e 8d b4 26 00 00 00 	lea    %cs:0x0(%esi,%eiz,1),%esi
c0102c5f:	00 
c0102c60:	c7 01 01 01 01 01    	movl   $0x1010101,(%ecx)
c0102c66:	83 c1 08             	add    $0x8,%ecx
c0102c69:	c7 41 fc 01 01 01 01 	movl   $0x1010101,-0x4(%ecx)
c0102c70:	39 ce                	cmp    %ecx,%esi
c0102c72:	75 ec                	jne    c0102c60 <initPhysicalMemoryManager+0xa0>
c0102c74:	39 d8                	cmp    %ebx,%eax
c0102c76:	74 51                	je     c0102cc9 <initPhysicalMemoryManager+0x109>
c0102c78:	8b 34 24             	mov    (%esp),%esi
c0102c7b:	8d 4b 01             	lea    0x1(%ebx),%ecx
c0102c7e:	c6 04 ae 01          	movb   $0x1,(%esi,%ebp,4)
c0102c82:	39 c1                	cmp    %eax,%ecx
c0102c84:	73 43                	jae    c0102cc9 <initPhysicalMemoryManager+0x109>
c0102c86:	8b 34 24             	mov    (%esp),%esi
c0102c89:	c6 04 0e 01          	movb   $0x1,(%esi,%ecx,1)
c0102c8d:	8d 4b 02             	lea    0x2(%ebx),%ecx
c0102c90:	39 c1                	cmp    %eax,%ecx
c0102c92:	73 35                	jae    c0102cc9 <initPhysicalMemoryManager+0x109>
c0102c94:	8d 4b 03             	lea    0x3(%ebx),%ecx
c0102c97:	c6 44 1e 02 01       	movb   $0x1,0x2(%esi,%ebx,1)
c0102c9c:	39 c1                	cmp    %eax,%ecx
c0102c9e:	73 29                	jae    c0102cc9 <initPhysicalMemoryManager+0x109>
c0102ca0:	8d 4b 04             	lea    0x4(%ebx),%ecx
c0102ca3:	c6 44 1e 03 01       	movb   $0x1,0x3(%esi,%ebx,1)
c0102ca8:	39 c1                	cmp    %eax,%ecx
c0102caa:	73 1d                	jae    c0102cc9 <initPhysicalMemoryManager+0x109>
c0102cac:	8d 4b 05             	lea    0x5(%ebx),%ecx
c0102caf:	c6 44 1e 04 01       	movb   $0x1,0x4(%esi,%ebx,1)
c0102cb4:	39 c1                	cmp    %eax,%ecx
c0102cb6:	73 11                	jae    c0102cc9 <initPhysicalMemoryManager+0x109>
c0102cb8:	8d 4b 06             	lea    0x6(%ebx),%ecx
c0102cbb:	c6 44 1e 05 01       	movb   $0x1,0x5(%esi,%ebx,1)
c0102cc0:	39 c1                	cmp    %eax,%ecx
c0102cc2:	73 05                	jae    c0102cc9 <initPhysicalMemoryManager+0x109>
c0102cc4:	c6 44 1e 06 01       	movb   $0x1,0x6(%esi,%ebx,1)
c0102cc9:	8d 58 01             	lea    0x1(%eax),%ebx
c0102ccc:	89 d6                	mov    %edx,%esi
c0102cce:	39 da                	cmp    %ebx,%edx
c0102cd0:	0f 93 44 24 04       	setae  0x4(%esp)
c0102cd5:	29 c6                	sub    %eax,%esi
c0102cd7:	31 ed                	xor    %ebp,%ebp
c0102cd9:	39 da                	cmp    %ebx,%edx
c0102cdb:	8d 4e ff             	lea    -0x1(%esi),%ecx
c0102cde:	0f 42 cd             	cmovb  %ebp,%ecx
c0102ce1:	83 f9 05             	cmp    $0x5,%ecx
c0102ce4:	0f 86 b3 00 00 00    	jbe    c0102d9d <initPhysicalMemoryManager+0x1dd>
c0102cea:	80 7c 24 04 00       	cmpb   $0x0,0x4(%esp)
c0102cef:	bd 01 00 00 00       	mov    $0x1,%ebp
c0102cf4:	b9 00 00 00 40       	mov    $0x40000000,%ecx
c0102cf9:	0f 45 ee             	cmovne %esi,%ebp
c0102cfc:	8d 34 07             	lea    (%edi,%eax,1),%esi
c0102cff:	29 f1                	sub    %esi,%ecx
c0102d01:	89 cf                	mov    %ecx,%edi
c0102d03:	89 6c 24 04          	mov    %ebp,0x4(%esp)
c0102d07:	83 e7 03             	and    $0x3,%edi
c0102d0a:	74 27                	je     c0102d33 <initPhysicalMemoryManager+0x173>
c0102d0c:	8b 2c 24             	mov    (%esp),%ebp
c0102d0f:	83 e1 02             	and    $0x2,%ecx
c0102d12:	c6 44 05 00 00       	movb   $0x0,0x0(%ebp,%eax,1)
c0102d17:	0f 84 fb 00 00 00    	je     c0102e18 <initPhysicalMemoryManager+0x258>
c0102d1d:	c6 44 05 01 00       	movb   $0x0,0x1(%ebp,%eax,1)
c0102d22:	83 ff 03             	cmp    $0x3,%edi
c0102d25:	0f 85 f5 00 00 00    	jne    c0102e20 <initPhysicalMemoryManager+0x260>
c0102d2b:	c6 44 05 02 00       	movb   $0x0,0x2(%ebp,%eax,1)
c0102d30:	83 c0 03             	add    $0x3,%eax
c0102d33:	8b 5c 24 04          	mov    0x4(%esp),%ebx
c0102d37:	01 fe                	add    %edi,%esi
c0102d39:	8d 8e 00 00 00 c0    	lea    -0x40000000(%esi),%ecx
c0102d3f:	29 fb                	sub    %edi,%ebx
c0102d41:	89 df                	mov    %ebx,%edi
c0102d43:	83 e7 fc             	and    $0xfffffffc,%edi
c0102d46:	8d 2c 0f             	lea    (%edi,%ecx,1),%ebp
c0102d49:	f7 c7 04 00 00 00    	test   $0x4,%edi
c0102d4f:	74 2f                	je     c0102d80 <initPhysicalMemoryManager+0x1c0>
c0102d51:	c7 01 00 00 00 00    	movl   $0x0,(%ecx)
c0102d57:	8d 8e 04 00 00 c0    	lea    -0x3ffffffc(%esi),%ecx
c0102d5d:	39 e9                	cmp    %ebp,%ecx
c0102d5f:	74 33                	je     c0102d94 <initPhysicalMemoryManager+0x1d4>
c0102d61:	eb 1d                	jmp    c0102d80 <initPhysicalMemoryManager+0x1c0>
c0102d63:	2e 8d 74 26 00       	lea    %cs:0x0(%esi,%eiz,1),%esi
c0102d68:	2e 8d b4 26 00 00 00 	lea    %cs:0x0(%esi,%eiz,1),%esi
c0102d6f:	00 
c0102d70:	2e 8d b4 26 00 00 00 	lea    %cs:0x0(%esi,%eiz,1),%esi
c0102d77:	00 
c0102d78:	2e 8d b4 26 00 00 00 	lea    %cs:0x0(%esi,%eiz,1),%esi
c0102d7f:	00 
c0102d80:	c7 01 00 00 00 00    	movl   $0x0,(%ecx)
c0102d86:	83 c1 08             	add    $0x8,%ecx
c0102d89:	c7 41 fc 00 00 00 00 	movl   $0x0,-0x4(%ecx)
c0102d90:	39 e9                	cmp    %ebp,%ecx
c0102d92:	75 ec                	jne    c0102d80 <initPhysicalMemoryManager+0x1c0>
c0102d94:	39 df                	cmp    %ebx,%edi
c0102d96:	74 68                	je     c0102e00 <initPhysicalMemoryManager+0x240>
c0102d98:	01 f8                	add    %edi,%eax
c0102d9a:	8d 58 01             	lea    0x1(%eax),%ebx
c0102d9d:	8b 34 24             	mov    (%esp),%esi
c0102da0:	c6 04 06 00          	movb   $0x0,(%esi,%eax,1)
c0102da4:	39 d3                	cmp    %edx,%ebx
c0102da6:	73 58                	jae    c0102e00 <initPhysicalMemoryManager+0x240>
c0102da8:	8d 48 02             	lea    0x2(%eax),%ecx
c0102dab:	c6 44 06 01 00       	movb   $0x0,0x1(%esi,%eax,1)
c0102db0:	39 d1                	cmp    %edx,%ecx
c0102db2:	73 4c                	jae    c0102e00 <initPhysicalMemoryManager+0x240>
c0102db4:	8d 48 03             	lea    0x3(%eax),%ecx
c0102db7:	c6 44 06 02 00       	movb   $0x0,0x2(%esi,%eax,1)
c0102dbc:	39 d1                	cmp    %edx,%ecx
c0102dbe:	73 40                	jae    c0102e00 <initPhysicalMemoryManager+0x240>
c0102dc0:	8d 48 04             	lea    0x4(%eax),%ecx
c0102dc3:	c6 44 06 03 00       	movb   $0x0,0x3(%esi,%eax,1)
c0102dc8:	39 d1                	cmp    %edx,%ecx
c0102dca:	73 34                	jae    c0102e00 <initPhysicalMemoryManager+0x240>
c0102dcc:	8d 48 05             	lea    0x5(%eax),%ecx
c0102dcf:	c6 44 06 04 00       	movb   $0x0,0x4(%esi,%eax,1)
c0102dd4:	39 d1                	cmp    %edx,%ecx
c0102dd6:	73 28                	jae    c0102e00 <initPhysicalMemoryManager+0x240>
c0102dd8:	8d 48 06             	lea    0x6(%eax),%ecx
c0102ddb:	c6 44 06 05 00       	movb   $0x0,0x5(%esi,%eax,1)
c0102de0:	39 d1                	cmp    %edx,%ecx
c0102de2:	73 1c                	jae    c0102e00 <initPhysicalMemoryManager+0x240>
c0102de4:	c6 44 06 06 00       	movb   $0x0,0x6(%esi,%eax,1)
c0102de9:	8b 5c 24 08          	mov    0x8(%esp),%ebx
c0102ded:	8b 74 24 0c          	mov    0xc(%esp),%esi
c0102df1:	8b 7c 24 10          	mov    0x10(%esp),%edi
c0102df5:	8b 6c 24 14          	mov    0x14(%esp),%ebp
c0102df9:	83 c4 18             	add    $0x18,%esp
c0102dfc:	c3                   	ret
c0102dfd:	8d 76 00             	lea    0x0(%esi),%esi
c0102e00:	8b 5c 24 08          	mov    0x8(%esp),%ebx
c0102e04:	8b 74 24 0c          	mov    0xc(%esp),%esi
c0102e08:	8b 7c 24 10          	mov    0x10(%esp),%edi
c0102e0c:	8b 6c 24 14          	mov    0x14(%esp),%ebp
c0102e10:	83 c4 18             	add    $0x18,%esp
c0102e13:	c3                   	ret
c0102e14:	8d 74 26 00          	lea    0x0(%esi,%eiz,1),%esi
c0102e18:	89 d8                	mov    %ebx,%eax
c0102e1a:	e9 14 ff ff ff       	jmp    c0102d33 <initPhysicalMemoryManager+0x173>
c0102e1f:	90                   	nop
c0102e20:	83 c0 02             	add    $0x2,%eax
c0102e23:	e9 0b ff ff ff       	jmp    c0102d33 <initPhysicalMemoryManager+0x173>
c0102e28:	c6 01 01             	movb   $0x1,(%ecx)
c0102e2b:	31 db                	xor    %ebx,%ebx
c0102e2d:	b9 01 00 00 00       	mov    $0x1,%ecx
c0102e32:	83 f8 01             	cmp    $0x1,%eax
c0102e35:	0f 85 4b fe ff ff    	jne    c0102c86 <initPhysicalMemoryManager+0xc6>
c0102e3b:	e9 89 fe ff ff       	jmp    c0102cc9 <initPhysicalMemoryManager+0x109>

c0102e40 <kallocFrame>:
c0102e40:	0f b6 05 c8 70 10 c0 	movzbl 0xc01070c8,%eax
c0102e47:	3c 13                	cmp    $0x13,%al
c0102e49:	77 15                	ja     c0102e60 <kallocFrame+0x20>
c0102e4b:	0f b6 d0             	movzbl %al,%edx
c0102e4e:	83 c0 01             	add    $0x1,%eax
c0102e51:	8b 14 95 40 e8 10 c0 	mov    -0x3fef17c0(,%edx,4),%edx
c0102e58:	a2 c8 70 10 c0       	mov    %al,0xc01070c8
c0102e5d:	89 d0                	mov    %edx,%eax
c0102e5f:	c3                   	ret
c0102e60:	8b 0d 90 e8 10 c0    	mov    0xc010e890,%ecx
c0102e66:	8b 15 98 e8 10 c0    	mov    0xc010e898,%edx
c0102e6c:	56                   	push   %esi
c0102e6d:	8b 35 94 e8 10 c0    	mov    0xc010e894,%esi
c0102e73:	53                   	push   %ebx
c0102e74:	31 db                	xor    %ebx,%ebx
c0102e76:	85 c9                	test   %ecx,%ecx
c0102e78:	75 46                	jne    c0102ec0 <kallocFrame+0x80>
c0102e7a:	c7 04 9d 40 e8 10 c0 	movl   $0x0,-0x3fef17c0(,%ebx,4)
c0102e81:	00 00 00 00 
c0102e85:	83 c3 01             	add    $0x1,%ebx
c0102e88:	83 fb 14             	cmp    $0x14,%ebx
c0102e8b:	75 ed                	jne    c0102e7a <kallocFrame+0x3a>
c0102e8d:	31 d2                	xor    %edx,%edx
c0102e8f:	b8 01 00 00 00       	mov    $0x1,%eax
c0102e94:	5b                   	pop    %ebx
c0102e95:	5e                   	pop    %esi
c0102e96:	8b 14 95 40 e8 10 c0 	mov    -0x3fef17c0(,%edx,4),%edx
c0102e9d:	a2 c8 70 10 c0       	mov    %al,0xc01070c8
c0102ea2:	89 d0                	mov    %edx,%eax
c0102ea4:	c3                   	ret
c0102ea5:	8d 76 00             	lea    0x0(%esi),%esi
c0102ea8:	c6 04 02 01          	movb   $0x1,(%edx,%eax,1)
c0102eac:	c1 e0 0c             	shl    $0xc,%eax
c0102eaf:	01 f0                	add    %esi,%eax
c0102eb1:	89 04 9d 40 e8 10 c0 	mov    %eax,-0x3fef17c0(,%ebx,4)
c0102eb8:	83 c3 01             	add    $0x1,%ebx
c0102ebb:	83 fb 14             	cmp    $0x14,%ebx
c0102ebe:	74 cd                	je     c0102e8d <kallocFrame+0x4d>
c0102ec0:	31 c0                	xor    %eax,%eax
c0102ec2:	eb 13                	jmp    c0102ed7 <kallocFrame+0x97>
c0102ec4:	8d 74 26 00          	lea    0x0(%esi,%eiz,1),%esi
c0102ec8:	2e 8d b4 26 00 00 00 	lea    %cs:0x0(%esi,%eiz,1),%esi
c0102ecf:	00 
c0102ed0:	83 c0 01             	add    $0x1,%eax
c0102ed3:	39 c8                	cmp    %ecx,%eax
c0102ed5:	74 09                	je     c0102ee0 <kallocFrame+0xa0>
c0102ed7:	80 3c 02 00          	cmpb   $0x0,(%edx,%eax,1)
c0102edb:	75 f3                	jne    c0102ed0 <kallocFrame+0x90>
c0102edd:	eb c9                	jmp    c0102ea8 <kallocFrame+0x68>
c0102edf:	90                   	nop
c0102ee0:	c7 04 9d 40 e8 10 c0 	movl   $0x0,-0x3fef17c0(,%ebx,4)
c0102ee7:	00 00 00 00 
c0102eeb:	83 c3 01             	add    $0x1,%ebx
c0102eee:	83 fb 14             	cmp    $0x14,%ebx
c0102ef1:	75 cd                	jne    c0102ec0 <kallocFrame+0x80>
c0102ef3:	eb 98                	jmp    c0102e8d <kallocFrame+0x4d>
c0102ef5:	8d 76 00             	lea    0x0(%esi),%esi
c0102ef8:	2e 8d b4 26 00 00 00 	lea    %cs:0x0(%esi,%eiz,1),%esi
c0102eff:	00 

c0102f00 <kfreeFrame>:
c0102f00:	8b 44 24 04          	mov    0x4(%esp),%eax
c0102f04:	8b 15 94 e8 10 c0    	mov    0xc010e894,%edx
c0102f0a:	39 d0                	cmp    %edx,%eax
c0102f0c:	72 17                	jb     c0102f25 <kfreeFrame+0x25>
c0102f0e:	29 d0                	sub    %edx,%eax
c0102f10:	c1 e8 0c             	shr    $0xc,%eax
c0102f13:	3b 05 90 e8 10 c0    	cmp    0xc010e890,%eax
c0102f19:	73 0a                	jae    c0102f25 <kfreeFrame+0x25>
c0102f1b:	8b 15 98 e8 10 c0    	mov    0xc010e898,%edx
c0102f21:	c6 04 02 00          	movb   $0x0,(%edx,%eax,1)
c0102f25:	c3                   	ret
c0102f26:	66 90                	xchg   %ax,%ax
c0102f28:	2e 8d b4 26 00 00 00 	lea    %cs:0x0(%esi,%eiz,1),%esi
c0102f2f:	00 

c0102f30 <markRangeUsed>:
c0102f30:	83 ec 14             	sub    $0x14,%esp
c0102f33:	8b 15 94 e8 10 c0    	mov    0xc010e894,%edx
c0102f39:	8b 44 24 18          	mov    0x18(%esp),%eax
c0102f3d:	8b 4c 24 1c          	mov    0x1c(%esp),%ecx
c0102f41:	01 c1                	add    %eax,%ecx
c0102f43:	39 ca                	cmp    %ecx,%edx
c0102f45:	0f 83 2b 01 00 00    	jae    c0103076 <markRangeUsed+0x146>
c0102f4b:	39 c2                	cmp    %eax,%edx
c0102f4d:	0f 43 c2             	cmovae %edx,%eax
c0102f50:	29 d1                	sub    %edx,%ecx
c0102f52:	81 c1 ff 0f 00 00    	add    $0xfff,%ecx
c0102f58:	29 d0                	sub    %edx,%eax
c0102f5a:	8b 15 90 e8 10 c0    	mov    0xc010e890,%edx
c0102f60:	c1 e9 0c             	shr    $0xc,%ecx
c0102f63:	c1 e8 0c             	shr    $0xc,%eax
c0102f66:	39 d1                	cmp    %edx,%ecx
c0102f68:	0f 47 ca             	cmova  %edx,%ecx
c0102f6b:	39 c8                	cmp    %ecx,%eax
c0102f6d:	0f 83 03 01 00 00    	jae    c0103076 <markRangeUsed+0x146>
c0102f73:	89 74 24 08          	mov    %esi,0x8(%esp)
c0102f77:	89 ce                	mov    %ecx,%esi
c0102f79:	29 c6                	sub    %eax,%esi
c0102f7b:	89 5c 24 04          	mov    %ebx,0x4(%esp)
c0102f7f:	8b 1d 98 e8 10 c0    	mov    0xc010e898,%ebx
c0102f85:	8d 56 ff             	lea    -0x1(%esi),%edx
c0102f88:	83 fa 05             	cmp    $0x5,%edx
c0102f8b:	0f 86 91 00 00 00    	jbe    c0103022 <markRangeUsed+0xf2>
c0102f91:	89 6c 24 10          	mov    %ebp,0x10(%esp)
c0102f95:	8d 2c 03             	lea    (%ebx,%eax,1),%ebp
c0102f98:	89 7c 24 0c          	mov    %edi,0xc(%esp)
c0102f9c:	89 ef                	mov    %ebp,%edi
c0102f9e:	f7 df                	neg    %edi
c0102fa0:	89 fa                	mov    %edi,%edx
c0102fa2:	89 c7                	mov    %eax,%edi
c0102fa4:	89 14 24             	mov    %edx,(%esp)
c0102fa7:	83 e2 03             	and    $0x3,%edx
c0102faa:	74 22                	je     c0102fce <markRangeUsed+0x9e>
c0102fac:	c6 45 00 01          	movb   $0x1,0x0(%ebp)
c0102fb0:	8d 78 01             	lea    0x1(%eax),%edi
c0102fb3:	f6 04 24 02          	testb  $0x2,(%esp)
c0102fb7:	74 15                	je     c0102fce <markRangeUsed+0x9e>
c0102fb9:	c6 44 03 01 01       	movb   $0x1,0x1(%ebx,%eax,1)
c0102fbe:	8d 78 02             	lea    0x2(%eax),%edi
c0102fc1:	83 fa 03             	cmp    $0x3,%edx
c0102fc4:	75 08                	jne    c0102fce <markRangeUsed+0x9e>
c0102fc6:	c6 44 03 02 01       	movb   $0x1,0x2(%ebx,%eax,1)
c0102fcb:	8d 78 03             	lea    0x3(%eax),%edi
c0102fce:	29 d6                	sub    %edx,%esi
c0102fd0:	01 c2                	add    %eax,%edx
c0102fd2:	89 f0                	mov    %esi,%eax
c0102fd4:	01 da                	add    %ebx,%edx
c0102fd6:	83 e0 fc             	and    $0xfffffffc,%eax
c0102fd9:	8d 2c 02             	lea    (%edx,%eax,1),%ebp
c0102fdc:	a8 04                	test   $0x4,%al
c0102fde:	74 20                	je     c0103000 <markRangeUsed+0xd0>
c0102fe0:	c7 02 01 01 01 01    	movl   $0x1010101,(%edx)
c0102fe6:	83 c2 04             	add    $0x4,%edx
c0102fe9:	39 d5                	cmp    %edx,%ebp
c0102feb:	74 27                	je     c0103014 <markRangeUsed+0xe4>
c0102fed:	8d 76 00             	lea    0x0(%esi),%esi
c0102ff0:	2e 8d b4 26 00 00 00 	lea    %cs:0x0(%esi,%eiz,1),%esi
c0102ff7:	00 
c0102ff8:	2e 8d b4 26 00 00 00 	lea    %cs:0x0(%esi,%eiz,1),%esi
c0102fff:	00 
c0103000:	c7 02 01 01 01 01    	movl   $0x1010101,(%edx)
c0103006:	83 c2 08             	add    $0x8,%edx
c0103009:	c7 42 fc 01 01 01 01 	movl   $0x1010101,-0x4(%edx)
c0103010:	39 d5                	cmp    %edx,%ebp
c0103012:	75 ec                	jne    c0103000 <markRangeUsed+0xd0>
c0103014:	39 f0                	cmp    %esi,%eax
c0103016:	74 78                	je     c0103090 <markRangeUsed+0x160>
c0103018:	01 f8                	add    %edi,%eax
c010301a:	8b 6c 24 10          	mov    0x10(%esp),%ebp
c010301e:	8b 7c 24 0c          	mov    0xc(%esp),%edi
c0103022:	8d 50 01             	lea    0x1(%eax),%edx
c0103025:	c6 04 03 01          	movb   $0x1,(%ebx,%eax,1)
c0103029:	39 ca                	cmp    %ecx,%edx
c010302b:	73 53                	jae    c0103080 <markRangeUsed+0x150>
c010302d:	8d 50 02             	lea    0x2(%eax),%edx
c0103030:	c6 44 03 01 01       	movb   $0x1,0x1(%ebx,%eax,1)
c0103035:	39 ca                	cmp    %ecx,%edx
c0103037:	73 47                	jae    c0103080 <markRangeUsed+0x150>
c0103039:	8d 50 03             	lea    0x3(%eax),%edx
c010303c:	c6 44 03 02 01       	movb   $0x1,0x2(%ebx,%eax,1)
c0103041:	39 ca                	cmp    %ecx,%edx
c0103043:	73 3b                	jae    c0103080 <markRangeUsed+0x150>
c0103045:	8d 50 04             	lea    0x4(%eax),%edx
c0103048:	c6 44 03 03 01       	movb   $0x1,0x3(%ebx,%eax,1)
c010304d:	39 ca                	cmp    %ecx,%edx
c010304f:	73 2f                	jae    c0103080 <markRangeUsed+0x150>
c0103051:	8d 50 05             	lea    0x5(%eax),%edx
c0103054:	c6 44 03 04 01       	movb   $0x1,0x4(%ebx,%eax,1)
c0103059:	39 ca                	cmp    %ecx,%edx
c010305b:	73 23                	jae    c0103080 <markRangeUsed+0x150>
c010305d:	8d 50 06             	lea    0x6(%eax),%edx
c0103060:	c6 44 03 05 01       	movb   $0x1,0x5(%ebx,%eax,1)
c0103065:	39 ca                	cmp    %ecx,%edx
c0103067:	73 17                	jae    c0103080 <markRangeUsed+0x150>
c0103069:	c6 44 03 06 01       	movb   $0x1,0x6(%ebx,%eax,1)
c010306e:	8b 5c 24 04          	mov    0x4(%esp),%ebx
c0103072:	8b 74 24 08          	mov    0x8(%esp),%esi
c0103076:	83 c4 14             	add    $0x14,%esp
c0103079:	c3                   	ret
c010307a:	8d b6 00 00 00 00    	lea    0x0(%esi),%esi
c0103080:	8b 5c 24 04          	mov    0x4(%esp),%ebx
c0103084:	8b 74 24 08          	mov    0x8(%esp),%esi
c0103088:	83 c4 14             	add    $0x14,%esp
c010308b:	c3                   	ret
c010308c:	8d 74 26 00          	lea    0x0(%esi,%eiz,1),%esi
c0103090:	8b 5c 24 04          	mov    0x4(%esp),%ebx
c0103094:	8b 74 24 08          	mov    0x8(%esp),%esi
c0103098:	8b 7c 24 0c          	mov    0xc(%esp),%edi
c010309c:	8b 6c 24 10          	mov    0x10(%esp),%ebp
c01030a0:	83 c4 14             	add    $0x14,%esp
c01030a3:	c3                   	ret
c01030a4:	66 90                	xchg   %ax,%ax
c01030a6:	66 90                	xchg   %ax,%ax
c01030a8:	66 90                	xchg   %ax,%ax
c01030aa:	66 90                	xchg   %ax,%ax
c01030ac:	66 90                	xchg   %ax,%ax
c01030ae:	66 90                	xchg   %ax,%ax
c01030b0:	66 90                	xchg   %ax,%ax
c01030b2:	66 90                	xchg   %ax,%ax
c01030b4:	66 90                	xchg   %ax,%ax
c01030b6:	66 90                	xchg   %ax,%ax
c01030b8:	66 90                	xchg   %ax,%ax
c01030ba:	66 90                	xchg   %ax,%ax
c01030bc:	66 90                	xchg   %ax,%ax
c01030be:	66 90                	xchg   %ax,%ax

c01030c0 <initVirtualMemoryManager>:
c01030c0:	83 ec 0c             	sub    $0xc,%esp
c01030c3:	31 c0                	xor    %eax,%eax
c01030c5:	eb 19                	jmp    c01030e0 <initVirtualMemoryManager+0x20>
c01030c7:	90                   	nop
c01030c8:	2e 8d b4 26 00 00 00 	lea    %cs:0x0(%esi,%eiz,1),%esi
c01030cf:	00 
c01030d0:	2e 8d b4 26 00 00 00 	lea    %cs:0x0(%esi,%eiz,1),%esi
c01030d7:	00 
c01030d8:	2e 8d b4 26 00 00 00 	lea    %cs:0x0(%esi,%eiz,1),%esi
c01030df:	00 
c01030e0:	c7 04 85 00 00 11 c0 	movl   $0x0,-0x3fef0000(,%eax,4)
c01030e7:	00 00 00 00 
c01030eb:	c7 04 85 00 f0 10 c0 	movl   $0x0,-0x3fef1000(,%eax,4)
c01030f2:	00 00 00 00 
c01030f6:	83 c0 01             	add    $0x1,%eax
c01030f9:	3d 00 04 00 00       	cmp    $0x400,%eax
c01030fe:	75 e0                	jne    c01030e0 <initVirtualMemoryManager+0x20>
c0103100:	31 c0                	xor    %eax,%eax
c0103102:	eb 1c                	jmp    c0103120 <initVirtualMemoryManager+0x60>
c0103104:	8d 74 26 00          	lea    0x0(%esi,%eiz,1),%esi
c0103108:	2e 8d b4 26 00 00 00 	lea    %cs:0x0(%esi,%eiz,1),%esi
c010310f:	00 
c0103110:	2e 8d b4 26 00 00 00 	lea    %cs:0x0(%esi,%eiz,1),%esi
c0103117:	00 
c0103118:	2e 8d b4 26 00 00 00 	lea    %cs:0x0(%esi,%eiz,1),%esi
c010311f:	00 
c0103120:	89 c2                	mov    %eax,%edx
c0103122:	c1 e2 0c             	shl    $0xc,%edx
c0103125:	83 ca 03             	or     $0x3,%edx
c0103128:	89 14 85 00 f0 10 c0 	mov    %edx,-0x3fef1000(,%eax,4)
c010312f:	83 c0 01             	add    $0x1,%eax
c0103132:	3d 00 04 00 00       	cmp    $0x400,%eax
c0103137:	75 e7                	jne    c0103120 <initVirtualMemoryManager+0x60>
c0103139:	83 ec 0c             	sub    $0xc,%esp
c010313c:	b8 00 f0 10 00       	mov    $0x10f000,%eax
c0103141:	68 00 00 11 00       	push   $0x110000
c0103146:	83 c8 03             	or     $0x3,%eax
c0103149:	a3 00 0c 11 c0       	mov    %eax,0xc0110c00
c010314e:	a3 00 00 11 c0       	mov    %eax,0xc0110000
c0103153:	b8 00 00 11 00       	mov    $0x110000,%eax
c0103158:	83 c8 03             	or     $0x3,%eax
c010315b:	a3 fc 0f 11 c0       	mov    %eax,0xc0110ffc
c0103160:	e8 2d fa ff ff       	call   c0102b92 <loadPageDirectory>
c0103165:	e8 30 fa ff ff       	call   c0102b9a <enablePaging>
c010316a:	83 c4 10             	add    $0x10,%esp
c010316d:	f6 05 00 f0 ff ff 01 	testb  $0x1,0xfffff000
c0103174:	74 16                	je     c010318c <initVirtualMemoryManager+0xcc>
c0103176:	c7 05 e0 02 c0 ff 03 	movl   $0xb8003,0xffc002e0
c010317d:	80 0b 00 
c0103180:	b8 00 80 0b 00       	mov    $0xb8000,%eax
c0103185:	0f 01 38             	invlpg (%eax)
c0103188:	83 c4 0c             	add    $0xc,%esp
c010318b:	c3                   	ret
c010318c:	e8 af fc ff ff       	call   c0102e40 <kallocFrame>
c0103191:	83 c8 03             	or     $0x3,%eax
c0103194:	a3 00 f0 ff ff       	mov    %eax,0xfffff000
c0103199:	b8 00 00 c0 ff       	mov    $0xffc00000,%eax
c010319e:	0f 01 38             	invlpg (%eax)
c01031a1:	eb 1d                	jmp    c01031c0 <initVirtualMemoryManager+0x100>
c01031a3:	2e 8d 74 26 00       	lea    %cs:0x0(%esi,%eiz,1),%esi
c01031a8:	2e 8d b4 26 00 00 00 	lea    %cs:0x0(%esi,%eiz,1),%esi
c01031af:	00 
c01031b0:	2e 8d b4 26 00 00 00 	lea    %cs:0x0(%esi,%eiz,1),%esi
c01031b7:	00 
c01031b8:	2e 8d b4 26 00 00 00 	lea    %cs:0x0(%esi,%eiz,1),%esi
c01031bf:	00 
c01031c0:	c7 00 00 00 00 00    	movl   $0x0,(%eax)
c01031c6:	83 c0 08             	add    $0x8,%eax
c01031c9:	c7 40 fc 00 00 00 00 	movl   $0x0,-0x4(%eax)
c01031d0:	3d 00 10 c0 ff       	cmp    $0xffc01000,%eax
c01031d5:	75 e9                	jne    c01031c0 <initVirtualMemoryManager+0x100>
c01031d7:	eb 9d                	jmp    c0103176 <initVirtualMemoryManager+0xb6>
c01031d9:	8d b4 26 00 00 00 00 	lea    0x0(%esi,%eiz,1),%esi

c01031e0 <mapPage>:
c01031e0:	56                   	push   %esi
c01031e1:	53                   	push   %ebx
c01031e2:	83 ec 14             	sub    $0x14,%esp
c01031e5:	8b 5c 24 20          	mov    0x20(%esp),%ebx
c01031e9:	89 da                	mov    %ebx,%edx
c01031eb:	89 de                	mov    %ebx,%esi
c01031ed:	c1 ea 16             	shr    $0x16,%edx
c01031f0:	c1 ee 0c             	shr    $0xc,%esi
c01031f3:	8d 8a 00 fc 0f 00    	lea    0xffc00(%edx),%ecx
c01031f9:	81 e6 ff 03 00 00    	and    $0x3ff,%esi
c01031ff:	c1 e1 0c             	shl    $0xc,%ecx
c0103202:	f6 04 95 00 f0 ff ff 	testb  $0x1,-0x1000(,%edx,4)
c0103209:	01 
c010320a:	74 1c                	je     c0103228 <mapPage+0x48>
c010320c:	8b 44 24 24          	mov    0x24(%esp),%eax
c0103210:	25 00 f0 ff ff       	and    $0xfffff000,%eax
c0103215:	0b 44 24 28          	or     0x28(%esp),%eax
c0103219:	83 c8 01             	or     $0x1,%eax
c010321c:	89 04 b1             	mov    %eax,(%ecx,%esi,4)
c010321f:	0f 01 3b             	invlpg (%ebx)
c0103222:	83 c4 14             	add    $0x14,%esp
c0103225:	5b                   	pop    %ebx
c0103226:	5e                   	pop    %esi
c0103227:	c3                   	ret
c0103228:	89 4c 24 0c          	mov    %ecx,0xc(%esp)
c010322c:	89 54 24 08          	mov    %edx,0x8(%esp)
c0103230:	e8 0b fc ff ff       	call   c0102e40 <kallocFrame>
c0103235:	8b 54 24 08          	mov    0x8(%esp),%edx
c0103239:	0b 44 24 28          	or     0x28(%esp),%eax
c010323d:	83 c8 03             	or     $0x3,%eax
c0103240:	8b 4c 24 0c          	mov    0xc(%esp),%ecx
c0103244:	89 04 95 00 f0 ff ff 	mov    %eax,-0x1000(,%edx,4)
c010324b:	0f 01 39             	invlpg (%ecx)
c010324e:	8d 82 00 fc ff ff    	lea    -0x400(%edx),%eax
c0103254:	c1 e0 0c             	shl    $0xc,%eax
c0103257:	8d 90 00 10 00 00    	lea    0x1000(%eax),%edx
c010325d:	8d 76 00             	lea    0x0(%esi),%esi
c0103260:	c7 00 00 00 00 00    	movl   $0x0,(%eax)
c0103266:	83 c0 08             	add    $0x8,%eax
c0103269:	c7 40 fc 00 00 00 00 	movl   $0x0,-0x4(%eax)
c0103270:	39 c2                	cmp    %eax,%edx
c0103272:	75 ec                	jne    c0103260 <mapPage+0x80>
c0103274:	eb 96                	jmp    c010320c <mapPage+0x2c>
c0103276:	66 90                	xchg   %ax,%ax
c0103278:	2e 8d b4 26 00 00 00 	lea    %cs:0x0(%esi,%eiz,1),%esi
c010327f:	00 

c0103280 <unmapPage>:
c0103280:	8b 54 24 04          	mov    0x4(%esp),%edx
c0103284:	89 d0                	mov    %edx,%eax
c0103286:	c1 e8 16             	shr    $0x16,%eax
c0103289:	f6 04 85 00 f0 ff ff 	testb  $0x1,-0x1000(,%eax,4)
c0103290:	01 
c0103291:	74 1c                	je     c01032af <unmapPage+0x2f>
c0103293:	89 d1                	mov    %edx,%ecx
c0103295:	c1 e0 0c             	shl    $0xc,%eax
c0103298:	c1 e9 0a             	shr    $0xa,%ecx
c010329b:	81 e1 fc 0f 00 00    	and    $0xffc,%ecx
c01032a1:	c7 84 08 00 00 c0 ff 	movl   $0x0,-0x400000(%eax,%ecx,1)
c01032a8:	00 00 00 00 
c01032ac:	0f 01 3a             	invlpg (%edx)
c01032af:	c3                   	ret

c01032b0 <getPhysicalAddress>:
c01032b0:	8b 54 24 04          	mov    0x4(%esp),%edx
c01032b4:	89 d1                	mov    %edx,%ecx
c01032b6:	c1 e9 16             	shr    $0x16,%ecx
c01032b9:	8b 04 8d 00 f0 ff ff 	mov    -0x1000(,%ecx,4),%eax
c01032c0:	83 e0 01             	and    $0x1,%eax
c01032c3:	74 2a                	je     c01032ef <getPhysicalAddress+0x3f>
c01032c5:	89 d0                	mov    %edx,%eax
c01032c7:	c1 e1 0c             	shl    $0xc,%ecx
c01032ca:	81 e2 ff 0f 00 00    	and    $0xfff,%edx
c01032d0:	c1 e8 0a             	shr    $0xa,%eax
c01032d3:	25 fc 0f 00 00       	and    $0xffc,%eax
c01032d8:	8b 84 01 00 00 c0 ff 	mov    -0x400000(%ecx,%eax,1),%eax
c01032df:	89 c1                	mov    %eax,%ecx
c01032e1:	81 e1 00 f0 ff ff    	and    $0xfffff000,%ecx
c01032e7:	09 ca                	or     %ecx,%edx
c01032e9:	83 e0 01             	and    $0x1,%eax
c01032ec:	0f 45 c2             	cmovne %edx,%eax
c01032ef:	c3                   	ret

c01032f0 <kalInitGdt>:
c01032f0:	e9 2b f1 ff ff       	jmp    c0102420 <initGdt>
c01032f5:	8d 76 00             	lea    0x0(%esi),%esi
c01032f8:	2e 8d b4 26 00 00 00 	lea    %cs:0x0(%esi,%eiz,1),%esi
c01032ff:	00 

c0103300 <kalInitIdt>:
c0103300:	e9 2b f2 ff ff       	jmp    c0102530 <initIdt>
c0103305:	8d 76 00             	lea    0x0(%esi),%esi
c0103308:	2e 8d b4 26 00 00 00 	lea    %cs:0x0(%esi,%eiz,1),%esi
c010330f:	00 

c0103310 <kalInitPhysicalMemoryManager>:
c0103310:	e9 ab f8 ff ff       	jmp    c0102bc0 <initPhysicalMemoryManager>
c0103315:	8d 76 00             	lea    0x0(%esi),%esi
c0103318:	2e 8d b4 26 00 00 00 	lea    %cs:0x0(%esi,%eiz,1),%esi
c010331f:	00 

c0103320 <kalMarkRangeUsed>:
c0103320:	e9 0b fc ff ff       	jmp    c0102f30 <markRangeUsed>
c0103325:	8d 76 00             	lea    0x0(%esi),%esi
c0103328:	2e 8d b4 26 00 00 00 	lea    %cs:0x0(%esi,%eiz,1),%esi
c010332f:	00 

c0103330 <kalInitVirtualMemoryManager>:
c0103330:	e9 8b fd ff ff       	jmp    c01030c0 <initVirtualMemoryManager>
c0103335:	8d 76 00             	lea    0x0(%esi),%esi
c0103338:	2e 8d b4 26 00 00 00 	lea    %cs:0x0(%esi,%eiz,1),%esi
c010333f:	00 

c0103340 <kalThreadSetupStack>:
c0103340:	8b 54 24 04          	mov    0x4(%esp),%edx
c0103344:	8b 42 0c             	mov    0xc(%edx),%eax
c0103347:	c7 40 ec 00 00 00 00 	movl   $0x0,-0x14(%eax)
c010334e:	83 e8 14             	sub    $0x14,%eax
c0103351:	c7 40 04 00 00 00 00 	movl   $0x0,0x4(%eax)
c0103358:	c7 40 08 00 00 00 00 	movl   $0x0,0x8(%eax)
c010335f:	c7 40 0c 00 00 00 00 	movl   $0x0,0xc(%eax)
c0103366:	c7 40 10 00 23 10 c0 	movl   $0xc0102300,0x10(%eax)
c010336d:	89 42 0c             	mov    %eax,0xc(%edx)
c0103370:	c3                   	ret

c0103371 <threadSwitch>:
c0103371:	55                   	push   %ebp
c0103372:	89 e5                	mov    %esp,%ebp
c0103374:	53                   	push   %ebx
c0103375:	56                   	push   %esi
c0103376:	57                   	push   %edi
c0103377:	8b 45 08             	mov    0x8(%ebp),%eax
c010337a:	89 60 0c             	mov    %esp,0xc(%eax)
c010337d:	8b 45 0c             	mov    0xc(%ebp),%eax
c0103380:	8b 60 0c             	mov    0xc(%eax),%esp
c0103383:	5f                   	pop    %edi
c0103384:	5e                   	pop    %esi
c0103385:	5b                   	pop    %ebx
c0103386:	5d                   	pop    %ebp
c0103387:	c3                   	ret

Disassembly of section .init:

c0103388 <_init>:
c0103388:	55                   	push   %ebp
c0103389:	89 e5                	mov    %esp,%ebp
c010338b:	5d                   	pop    %ebp
c010338c:	c3                   	ret

Disassembly of section .fini:

c010338d <_fini>:
c010338d:	55                   	push   %ebp
c010338e:	89 e5                	mov    %esp,%ebp
c0103390:	5d                   	pop    %ebp
c0103391:	c3                   	ret
